track_name,artist_name,danceability,energy,key,mode,speechiness,acousticness,instrumentalness,liveness,valence,tempo,time_signature,release_year,genres,loudness_scaled
Blinding Lights,The Weeknd,0.514,0.73,Key_1,major,0.0598,0.00146,9.54e-05,0.0897,0.334,171.005,4,2020,"Pop,Jazz",0.7874875868917577
Dance Monkey,Tones And I,0.824,0.587,Key_6,minor,0.0937,0.69,0.000105,0.149,0.514,98.029,4,2021,Pop,0.7565706719629263
The Box,Roddy Ricch,0.896,0.586,Key_10,minor,0.0559,0.104,0.0,0.79,0.642,116.971,4,2019,Rap,0.7376365441906654
Roses - Imanbek Remix,"SAINt JHN, Imanbek",0.785,0.721,Key_8,major,0.0506,0.0149,0.00432,0.285,0.894,121.962,4,2019,"Pop,Rap",0.8190665342601788
Dont Start Now,Dua Lipa,0.793,0.793,Key_11,minor,0.083,0.0123,0.0,0.0951,0.679,123.95,4,2020,Pop,0.8810327706057597
ROCKSTAR feat Roddy Ricch,"DaBaby, Roddy Ricch",0.746,0.69,Key_11,major,0.164,0.247,0.0,0.101,0.497,89.977,4,2020,"Pop,Rap,Hip Hop",0.6536246276067528
Watermelon Sugar,Harry Styles,0.548,0.816,Key_0,major,0.0465,0.122,0.0,0.335,0.557,95.39,4,2019,Pop,0.9016881827209532
death bed coffee for your head,"Powfu, beabadoobee",0.726,0.431,Key_8,minor,0.135,0.731,0.0,0.696,0.348,144.026,4,2020,"Pop,Rock,Rap",0.600066203243959
Falling,Trevor Daniel,0.785,0.431,Key_10,minor,0.0364,0.123,0.0,0.0887,0.236,127.085,4,2020,Rap,0.6006620324395896
Someone You Loved,Lewis Capaldi,0.501,0.405,Key_1,major,0.0319,0.751,0.0,0.105,0.446,109.891,4,2019,Pop,0.8043694141012909
Tusa,"KAROL G, Nicki Minaj",0.803,0.715,Key_2,major,0.298,0.295,0.000134,0.0574,0.574,101.085,4,2019,"Pop,Latino,Rap,Hip Hop",0.9631909963588215
ROXANNE,Arizona Zervas,0.621,0.601,Key_6,minor,0.148,0.0522,0.0,0.46,0.457,116.735,5,2019,"Pop,Rock,Rap",0.8085402184707051
Circles,Post Malone,0.695,0.762,Key_0,major,0.0395,0.192,0.00244,0.0863,0.553,120.042,4,2019,"Pop,Rap",0.9488248924197286
Blueberry Faygo,Lil Mosey,0.774,0.554,Key_0,major,0.0383,0.207,0.0,0.132,0.349,99.034,4,2020,Rap,0.6567361800728236
Intentions feat Quavo,"Justin Bieber, Quavo",0.806,0.546,Key_9,major,0.0575,0.3,0.0,0.102,0.874,147.986,4,2020,"Pop,Rap,Hip Hop",0.740946706388613
Toosie Slide,Drake,0.83,0.49,Key_1,minor,0.209,0.289,3.04e-06,0.113,0.845,81.604,4,2020,"Pop,Rap,Hip Hop",0.5964250248262165
Before You Go,Lewis Capaldi,0.459,0.575,Key_3,major,0.0573,0.604,0.0,0.0885,0.183,111.881,4,2019,Pop,0.8587222773915922
Say So,Doja Cat,0.787,0.673,Key_11,minor,0.159,0.264,3.35e-06,0.0904,0.779,110.962,4,2019,Pop,0.8769281694803046
Memories,Maroon 5,0.775,0.327,Key_11,major,0.0557,0.841,0.0,0.0821,0.595,91.05,4,2021,Pop,0.7009599470374048
Life Is Good feat Drake,"Future, Drake",0.795,0.574,Key_2,minor,0.487,0.067,0.0,0.15,0.537,142.053,4,2020,"Pop,Rap,Hip Hop",0.7233366434955313
Savage Love Laxed - Siren Beat,"Jawsh 685, Jason Derulo",0.767,0.481,Key_0,minor,0.0803,0.234,0.0,0.269,0.761,150.076,4,2020,Pop,0.6162859980139028
Adore You,Harry Styles,0.676,0.771,Key_8,major,0.0483,0.0237,7e-06,0.102,0.569,99.048,4,2019,Pop,0.9370407149950348
Breaking Me,"Topic, A7S",0.789,0.72,Key_8,minor,0.218,0.223,0.0,0.129,0.664,122.031,4,2019,"Pop,Hip Hop",0.8061569016881828
Mood feat iann dior,"24kGoldn, iann dior",0.701,0.716,Key_7,minor,0.0361,0.174,0.0,0.324,0.732,91.007,4,2021,"Pop,Rap",0.9373055279708706
everything i wanted,Billie Eilish,0.704,0.225,Key_6,minor,0.0994,0.902,0.657,0.106,0.243,120.006,4,2019,Pop,0.2234359483614697
Seorita,"Shawn Mendes, Camila Cabello",0.759,0.548,Key_9,minor,0.029,0.0392,0.0,0.0828,0.749,116.967,4,2019,Pop,0.779874213836478
bad guy,Billie Eilish,0.701,0.425,Key_7,major,0.375,0.328,0.13,0.1,0.562,135.128,4,2019,Pop,0.4544190665342602
WAP feat Megan Thee Stallion,"Cardi B, Megan Thee Stallion",0.935,0.454,Key_1,major,0.375,0.0194,0.0,0.0824,0.357,133.073,4,2020,"Pop,Rap,Jazz",0.6832174776564052
Sunday Best,Surfaces,0.869,0.555,Key_5,major,0.0454,0.137,0.0,0.0746,0.738,112.003,4,2019,Jazz,0.78417742469381
Godzilla feat Juice WRLD,"Eminem, Juice WRLD",0.808,0.745,Key_10,minor,0.342,0.145,0.0,0.292,0.829,165.995,4,2020,"Rap,Hip Hop",0.8321085733200928
Yummy,Justin Bieber,0.676,0.506,Key_9,minor,0.0958,0.345,0.0,0.118,0.497,145.842,4,2020,Pop,0.7399536577292287
Break My Heart,Dua Lipa,0.73,0.729,Key_4,minor,0.0884,0.167,1.39e-06,0.349,0.467,113.011,4,2020,Pop,0.9529956967891426
Dynamite,BTS,0.746,0.765,Key_6,minor,0.0993,0.0112,0.0,0.0936,0.737,114.044,4,2020,Pop,0.8883813306852035
Supalonely feat Gus Dapperton,"BENEE, Gus Dapperton",0.862,0.631,Key_7,major,0.0515,0.291,0.000209,0.123,0.841,128.978,4,2020,"Pop,Rock,Hip Hop",0.8661370407149951
ily i love you baby feat Emilee,"Surf Mesa, Emilee",0.674,0.774,Key_11,minor,0.0892,0.0686,0.00188,0.393,0.33,112.05,4,2019,"Pop,Hip Hop",0.6793776895067859
Rain On Me with Ariana Grande,"Lady Gaga, Ariana Grande",0.672,0.855,Key_9,major,0.0397,0.021,0.0,0.323,0.646,123.056,4,2020,Pop,0.931148626282688
HIGHEST IN THE ROOM,Travis Scott,0.598,0.427,Key_7,minor,0.0317,0.0546,5.83e-06,0.21,0.0605,76.469,4,2019,"Rap,Hip Hop",0.600132406487918
Sunflower - Spider-Man Into the Spider-Verse,"Post Malone, Swae Lee",0.755,0.522,Key_2,major,0.0575,0.533,0.0,0.0685,0.925,89.96,4,2019,"Pop,Rap",0.8911618669314796
Hawi,Maluma,0.783,0.727,Key_6,minor,0.389,0.185,2.46e-05,0.0626,0.558,180.067,4,2020,"Pop,Latino,Rap",0.9516716319099636
Ride It,Regard,0.88,0.751,Key_7,minor,0.0874,0.177,6.43e-05,0.106,0.884,117.948,4,2019,"Pop,Hip Hop",0.8984442237669645
goosebumps,Travis Scott,0.841,0.728,Key_7,major,0.0484,0.0847,0.0,0.149,0.43,130.049,4,2016,"Rap,Hip Hop",0.9572327044025156
RITMO Bad Boys For Life,"Black Eyed Peas, J Balvin",0.732,0.716,Key_10,minor,0.0561,0.0295,0.000758,0.73,0.666,105.093,4,2020,"Pop,Latino,Rap",0.7190334326381993
THE SCOTTS,"THE SCOTTS, Travis Scott, Kid Cudi",0.716,0.537,Key_0,minor,0.0514,0.233,0.0,0.157,0.28,129.979,4,2020,"Pop,Rap,Hip Hop",0.6740152267461106
Safaera,"Bad Bunny, Jowell & Randy, Ñengo Flow",0.607,0.829,Key_2,major,0.379,0.0103,0.0,0.107,0.685,96.172,4,2020,"Latino,Rap",0.9106256206554122
lovely with Khalid,"Billie Eilish, Khalid",0.351,0.296,Key_4,minor,0.0333,0.934,0.0,0.095,0.12,115.284,4,2018,"Pop,Jazz",0.5110890433631249
Lucid Dreams,Juice WRLD,0.511,0.566,Key_6,minor,0.2,0.349,0.0,0.34,0.218,83.903,4,2018,Rap,0.7016881827209533
Stuck with U with Justin Bieber,"Ariana Grande, Justin Bieber",0.597,0.45,Key_8,major,0.0418,0.223,0.0,0.382,0.537,178.765,3,2020,Pop,0.739556438265475
If the World Was Ending feat Julia Michaels,"JP Saxe, Julia Michaels",0.464,0.473,Key_1,major,0.129,0.866,0.0,0.109,0.604,75.801,4,2019,"Pop,Hip Hop,Jazz",0.5126117179741808
Physical,Dua Lipa,0.647,0.844,Key_0,major,0.0457,0.0137,0.000658,0.102,0.746,146.967,4,2020,Pop,0.9316782522343596
SICKO MODE,Travis Scott,0.834,0.73,Key_8,major,0.222,0.00513,0.0,0.124,0.446,155.008,4,2018,"Rap,Hip Hop",0.9344587884806356
drivers license,Olivia Rodrigo,0.585,0.436,Key_10,major,0.0601,0.721,1.31e-05,0.105,0.132,143.874,4,2021,Pop,0.6003310162197949
Save Your Tears with Ariana Grande Remix,"The Weeknd, Ariana Grande",0.65,0.825,Key_0,major,0.0325,0.0215,2.44e-05,0.0936,0.593,118.091,4,2021,"Pop,Jazz",0.8728235683548494
MONTERO Call Me By Your Name,Lil Nas X,0.61,0.508,Key_8,minor,0.152,0.297,0.0,0.384,0.758,178.818,4,2021,Hip Hop,0.7379675604104601
Beggin,Måneskin,0.714,0.8,Key_11,minor,0.0504,0.127,0.0,0.359,0.589,134.002,4,2017,"Pop,Rock",0.86203243958954
good 4 u,Olivia Rodrigo,0.556,0.661,Key_6,minor,0.204,0.3,0.0,0.101,0.668,168.56,4,2021,Pop,0.8458788480635552
Peaches feat Daniel Caesar  Giveon,"Justin Bieber, Daniel Caesar, Giveon",0.677,0.696,Key_0,major,0.119,0.321,0.0,0.42,0.464,90.03,4,2021,"Pop,Jazz",0.771135385633896
Leave The Door Open,"Bruno Mars, Anderson .Paak, Silk Sonic",0.586,0.616,Key_5,major,0.0324,0.182,0.0,0.0927,0.719,148.088,4,2021,"Pop,Rock,Hip Hop,Jazz",0.6530950016550812
Easy On Me,Adele,0.604,0.366,Key_5,major,0.0282,0.578,0.0,0.133,0.13,141.981,4,2021,"Pop,Jazz",0.6825554452168157
Heartbreak Anniversary,Giveon,0.449,0.465,Key_0,major,0.0791,0.524,1.02e-06,0.303,0.543,89.087,3,2020,Jazz,0.5868917576961271
STAY with Justin Bieber,"The Kid LAROI, Justin Bieber",0.591,0.764,Key_1,major,0.0483,0.0383,0.0,0.103,0.478,169.928,4,2021,"Pop,Hip Hop",0.8172790466732871
Happier Than Ever,Billie Eilish,0.332,0.225,Key_0,major,0.0348,0.767,0.00349,0.128,0.297,81.055,3,2021,Pop,0.604568023833168
deja vu,Olivia Rodrigo,0.439,0.61,Key_9,major,0.116,0.593,1.07e-05,0.341,0.172,181.088,4,2021,Pop,0.7012909632571998
telepata,Kali Uchis,0.653,0.524,Key_11,minor,0.0502,0.112,0.0,0.203,0.553,83.97,4,2020,Pop,0.5834491890102615
3435,Ariana Grande,0.83,0.585,Key_0,major,0.094,0.237,0.0,0.248,0.485,109.978,4,2020,Pop,0.7516054286660047
Woman,Doja Cat,0.824,0.764,Key_5,minor,0.0854,0.0888,0.00294,0.117,0.881,107.998,4,2021,Pop,0.9039390930155576
MONEY,LISA,0.831,0.554,Key_1,minor,0.218,0.161,6.12e-05,0.152,0.396,140.026,4,2021,Pop,0.5184376034425688
INDUSTRY BABY feat Jack Harlow,"Lil Nas X, Jack Harlow",0.741,0.691,Key_10,minor,0.0672,0.0221,0.0,0.0476,0.892,150.087,4,2021,"Pop,Rap,Hip Hop",0.690764647467726
Astronaut In The Ocean,Masked Wolf,0.778,0.695,Key_4,minor,0.0913,0.175,0.0,0.15,0.472,149.996,4,2021,Hip Hop,0.7258523667659715
Bad Habits,Ed Sheeran,0.808,0.897,Key_11,minor,0.0348,0.0469,3.14e-05,0.364,0.591,126.026,4,2021,Pop,0.9345911949685536
Good Days,SZA,0.436,0.655,Key_1,minor,0.0583,0.499,8.1e-06,0.688,0.412,121.002,4,2020,"Pop,Rap,Jazz",0.6262164846077459
My Universe,"Coldplay, BTS",0.588,0.701,Key_9,major,0.0402,0.00813,0.0,0.2,0.443,104.988,4,2021,Pop,0.7572989076464747
Kiss Me More feat SZA,"Doja Cat, SZA",0.762,0.701,Key_8,major,0.0286,0.235,0.000158,0.123,0.742,110.968,4,2021,"Pop,Rap,Jazz",0.9459119496855346
Butter,BTS,0.759,0.459,Key_8,major,0.0948,0.00323,0.0,0.0906,0.695,109.997,4,2021,Pop,0.8369414101290964
Levitating feat DaBaby,"Dua Lipa, DaBaby",0.702,0.825,Key_6,minor,0.0601,0.00883,0.0,0.0674,0.915,102.977,4,2020,"Pop,Rap,Hip Hop",0.929625951671632
Fair Trade with Travis Scott,"Drake, Travis Scott",0.666,0.465,Key_1,major,0.26,0.0503,0.0,0.215,0.292,167.937,4,2021,"Pop,Rap,Hip Hop",0.6146309169149289
All Too Well 10 Minute Version Taylors Version From The Vault,Taylor Swift,0.631,0.518,Key_0,major,0.0303,0.274,0.0,0.088,0.205,93.023,4,2021,Pop,0.5996689837802053
Todo De Ti,Rauw Alejandro,0.78,0.718,Key_3,minor,0.0506,0.31,0.000163,0.0932,0.342,127.949,4,2021,"Pop,Latino,Rap",0.9416749420721616
You Right,"Doja Cat, The Weeknd",0.828,0.621,Key_8,major,0.0565,0.0164,0.00233,0.0845,0.436,128.986,4,2021,"Pop,Jazz",0.7557100297914598
Heat Waves,Glass Animals,0.761,0.525,Key_11,major,0.0944,0.44,6.7e-06,0.0921,0.531,80.87,4,2020,"Pop,Rock",0.7235352532274082
Hold On,Justin Bieber,0.658,0.634,Key_1,minor,0.0413,0.0106,0.0,0.132,0.29,139.98,4,2021,Pop,0.7965574313141345
The Business,Tiësto,0.798,0.62,Key_8,minor,0.232,0.414,0.0192,0.112,0.235,120.031,4,2020,"Pop,Hip Hop",0.7116848725587555
Need to Know,Doja Cat,0.664,0.609,Key_1,major,0.0707,0.304,0.0,0.0926,0.194,130.041,4,2021,Pop,0.7494207216153592
I WANNA BE YOUR SLAVE,Måneskin,0.75,0.608,Key_1,major,0.0387,0.00165,0.0,0.178,0.958,132.507,4,2021,"Pop,Rock",0.9149950347567032
Yonaguni,Bad Bunny,0.644,0.648,Key_1,major,0.118,0.276,0.0,0.135,0.44,179.951,4,2021,"Latino,Rap",0.8757365110890434
Streets,Doja Cat,0.749,0.463,Key_11,major,0.0842,0.21,0.0382,0.338,0.189,90.035,4,2019,Pop,0.6220456802383317
positions,Ariana Grande,0.737,0.802,Key_0,major,0.0878,0.468,0.0,0.0931,0.682,144.015,4,2020,Pop,0.8644819596160211
traitor,Olivia Rodrigo,0.38,0.339,Key_3,major,0.0338,0.691,0.0,0.12,0.0849,100.607,4,2021,Pop,0.6583250579278386
willow,Taylor Swift,0.392,0.574,Key_7,major,0.17,0.833,0.00179,0.145,0.529,81.112,4,2020,Pop,0.5715988083416088
love nwantiti ah ah ah,CKay,0.727,0.739,Key_8,major,0.0411,0.365,0.00137,0.161,0.533,93.005,4,2019,Jazz,0.9284342932803707
pov,Ariana Grande,0.487,0.534,Key_0,minor,0.0555,0.36,0.0,0.1,0.173,131.798,4,2020,Pop,0.8053624627606754
Build a Bitch,Bella Poarch,0.855,0.463,Key_3,major,0.0367,0.217,1.77e-05,0.347,0.866,102.931,4,2021,Pop,0.6868586560741476
Up,Cardi B,0.868,0.795,Key_11,major,0.269,0.0012,0.0193,0.0461,0.819,166.0,4,2021,"Pop,Rap",0.7802052300562728
DKITI,"Bad Bunny, Jhayco",0.731,0.573,Key_4,minor,0.0544,0.401,5.22e-05,0.113,0.145,109.928,4,2020,"Latino,Rap",0.5143992055610727
Baila Conmigo with Rauw Alejandro,"Selena Gomez, Rauw Alejandro",0.823,0.544,Key_5,major,0.0715,0.0215,0.00315,0.0966,0.664,149.903,4,2021,"Pop,Latino,Rap",0.7081761006289309
Shivers,Ed Sheeran,0.788,0.859,Key_2,major,0.0856,0.281,0.0,0.0424,0.822,141.02,4,2021,Pop,1.0
Solar Power,Lorde,0.735,0.47,Key_4,major,0.1,0.266,0.000105,0.32,0.897,87.971,4,2021,Pop,0.5576961271102285
Were Good,Dua Lipa,0.722,0.588,Key_6,major,0.0544,0.0319,0.0,0.183,0.59,134.01,4,2021,Pop,0.7876199933796757
WITHOUT YOU with Miley Cyrus,"The Kid LAROI, Miley Cyrus",0.655,0.469,Key_0,major,0.0292,0.173,0.0,0.0956,0.467,92.56,4,2021,"Pop,Hip Hop",0.7661039390930156
late at night,Roddy Ricch,0.643,0.403,Key_1,minor,0.41,0.343,0.0,0.138,0.111,98.54,4,2021,Rap,0.4352863290301225
Calling My Phone,"Lil Tjay, 6LACK",0.907,0.393,Key_4,minor,0.0539,0.451,1.35e-06,0.135,0.202,104.949,4,2021,"Rap,Hip Hop,Jazz",0.6748096656736181
RAPSTAR,Polo G,0.789,0.536,Key_6,major,0.242,0.41,0.0,0.129,0.437,81.039,4,2021,Rap,0.7260509764978484
Girls Want Girls with Lil Baby,"Drake, Lil Baby",0.767,0.438,Key_7,minor,0.29,0.181,0.0,0.142,0.381,86.975,4,2021,"Pop,Rap,Hip Hop",0.6026481297583581
Whoopty,CJ,0.719,0.648,Key_3,minor,0.125,0.2,0.0,0.127,0.66,140.201,4,2020,Rap,0.6771929824561405
LA NOCHE DE ANOCHE,"Bad Bunny, ROSALÍA",0.856,0.618,Key_7,major,0.286,0.0303,0.0,0.0866,0.391,81.993,4,2020,"Pop,Latino,Rap,Jazz",0.8564713670969878
Anyone,Justin Bieber,0.686,0.538,Key_2,major,0.0345,0.181,3.13e-06,0.113,0.584,115.884,4,2021,Pop,0.648990400529626
Love Story Taylors Version,Taylor Swift,0.626,0.79,Key_2,major,0.0311,0.135,3.97e-06,0.0989,0.416,119.082,4,2021,Pop,0.8955312810327707
Afterglow,Ed Sheeran,0.641,0.324,Key_11,major,0.0299,0.698,0.0,0.328,0.273,110.184,4,2020,Pop,0.7929824561403509
GIRL LIKE ME,"Black Eyed Peas, Shakira",0.965,0.485,Key_2,major,0.191,0.0206,0.0237,0.0655,0.312,124.025,4,2020,"Pop,Latino,Rap",0.5988083416087389
BICHOTA,KAROL G,0.863,0.666,Key_1,minor,0.152,0.212,0.000493,0.103,0.838,163.908,4,2020,"Latino,Rap",0.90506454816286
Bandido,"Myke Towers, Juhn",0.713,0.617,Key_8,major,0.0887,0.122,0.0,0.0962,0.682,168.021,4,2020,"Latino,Rap",0.8733531943065211
Prisoner feat Dua Lipa,"Miley Cyrus, Dua Lipa",0.781,0.67,Key_3,minor,0.0452,0.0103,0.0,0.0761,0.595,127.99,4,2020,Pop,0.9213505461767628
Beautiful Mistakes feat Megan Thee Stallion,"Maroon 5, Megan Thee Stallion",0.713,0.676,Key_10,major,0.027,0.0377,0.0,0.154,0.721,99.048,4,2021,"Pop,Rap,Jazz",0.817345249917246
Therefore I Am,Billie Eilish,0.889,0.34,Key_11,minor,0.0697,0.218,0.13,0.055,0.716,94.009,4,2020,Pop,0.6657398212512414
test drive,Ariana Grande,0.698,0.708,Key_9,minor,0.0454,0.0251,0.0,0.124,0.322,115.036,4,2021,Pop,0.8530950016550811
Lemonade,"Internet Money, Gunna, Don Toliver, NAV",0.799,0.66,Key_1,minor,0.079,0.256,0.0,0.111,0.471,140.04,4,2020,"Pop,Rap,Hip Hop",0.7729890764647469
Lost Cause,Billie Eilish,0.671,0.336,Key_10,minor,0.241,0.705,0.00751,0.0577,0.518,75.051,4,2021,Pop,0.6180072823568356
Selfish Love with Selena Gomez,"DJ Snake, Selena Gomez",0.723,0.646,Key_5,minor,0.102,0.0206,0.352,0.0994,0.443,110.971,4,2021,"Pop,Rap,Hip Hop",0.6524991724594505
What You Know Bout Love,Pop Smoke,0.584,0.547,Key_7,minor,0.382,0.655,1.64e-06,0.134,0.56,83.917,4,2021,Rap,0.6174776564051638
Head  Heart feat MNEK,"Joel Corry, MNEK",0.734,0.874,Key_8,major,0.0662,0.168,1.14e-05,0.0489,0.905,122.953,4,2020,"Pop,Jazz",0.971267792121814
Save Your Tears,The Weeknd,0.68,0.826,Key_0,major,0.0309,0.0212,1.24e-05,0.543,0.644,118.051,4,2020,"Pop,Jazz",0.8170804369414102
Body,Megan Thee Stallion,0.914,0.732,Key_8,minor,0.241,0.0166,0.0,0.107,0.469,94.066,4,2020,"Pop,Rap,Jazz",0.7764978483945715
Best Friend feat Doja Cat,"Saweetie, Doja Cat",0.84,0.766,Key_4,major,0.136,0.00302,3.61e-06,0.0684,0.402,94.018,4,2021,"Pop,Rap",0.9075802714333004
3435 Remix feat Doja Cat Megan Thee Stallion - Remix,"Ariana Grande, Doja Cat, Megan Thee Stallion",0.88,0.662,Key_0,major,0.304,0.205,0.0,0.227,0.726,109.988,4,2021,"Pop,Rap,Jazz",0.798609731876862
Whats Next,Drake,0.781,0.594,Key_0,minor,0.0485,0.0136,0.0,0.162,0.0628,129.895,4,2021,"Pop,Rap,Hip Hop",0.7196292618338299
On The Ground,ROSÉ,0.311,0.607,Key_1,major,0.11,0.0174,0.0,0.131,0.286,188.7,4,2021,Pop,0.7448526977821914
As I Am feat Khalid,"Justin Bieber, Khalid",0.595,0.543,Key_11,major,0.038,0.127,0.0,0.0975,0.109,99.928,4,2021,"Pop,Jazz",0.6408474015226747
Met Him Last Night feat Ariana Grande,"Demi Lovato, Ariana Grande",0.538,0.512,Key_4,minor,0.0262,0.22,0.0,0.101,0.12,144.978,4,2021,Pop,0.879245283018868
m y  l i f e with 21 Savage  Morray,"J. Cole, 21 Savage, Morray",0.597,0.587,Key_7,minor,0.137,0.0622,0.0,0.214,0.0753,140.021,4,2021,"Pop,Rap,Hip Hop",0.71519364448858
Your Power,Billie Eilish,0.634,0.285,Key_9,minor,0.0807,0.937,0.000359,0.232,0.203,129.65,4,2021,Pop,0.2530287984111222
Permission to Dance,BTS,0.702,0.741,Key_9,major,0.0427,0.00544,0.0,0.337,0.646,124.925,4,2021,Pop,0.8274743462429659
Motley Crew,Post Malone,0.797,0.631,Key_3,minor,0.0786,0.0904,3.71e-06,0.0998,0.288,129.915,4,2021,"Pop,Rap",0.9275736511089044
Hurricane,Kanye West,0.587,0.561,Key_0,major,0.146,0.0466,0.0,0.109,0.351,80.009,4,2021,"Rap,Hip Hop",0.7454485269778219
Pepas,Farruko,0.762,0.766,Key_7,major,0.0343,0.00776,6.98e-05,0.128,0.442,130.001,4,2021,"Latino,Rap",0.9185038066865276
THATS WHAT I WANT,Lil Nas X,0.737,0.846,Key_1,minor,0.22,0.00614,0.0,0.0486,0.546,87.981,4,2021,Hip Hop,0.8817610062893082
Rumors feat Cardi B,"Lizzo, Cardi B",0.827,0.731,Key_4,minor,0.088,0.13,0.0,0.418,0.607,118.992,4,2021,"Pop,Rap,Hip Hop",0.8146309169149288
Skate,"Bruno Mars, Anderson .Paak, Silk Sonic",0.708,0.598,Key_5,major,0.0291,0.037,0.0,0.17,0.698,112.027,4,2021,"Pop,Rock,Hip Hop,Jazz",0.6265475008275406
t r a n s p a r e n t s o u l feat Travis Barker,"WILLOW, Travis Barker",0.39,0.83,Key_11,minor,0.0563,0.0021,0.0,0.156,0.191,90.021,4,2021,"Pop,Rock,Rap",0.836014564713671
Cold Heart - PNAU Remix,"Elton John, Dua Lipa, PNAU",0.796,0.798,Key_1,major,0.0317,0.034,4.19e-05,0.0952,0.942,116.032,4,2021,"Pop,Rock",0.7624627606752732
Leave Before You Love Me with Jonas Brothers,"Marshmello, Jonas Brothers",0.721,0.738,Key_7,major,0.0403,0.00226,4.41e-06,0.118,0.637,119.976,4,2021,"Pop,Hip Hop",0.8645481628599803
Girl From Rio,Anitta,0.692,0.639,Key_0,major,0.0352,0.00727,0.0,0.199,0.733,140.059,4,2021,Pop,0.7356504468718967
Arcade feat FLETCHER,"Duncan Laurence, FLETCHER",0.446,0.395,Key_0,major,0.0365,0.815,0.00216,0.128,0.267,71.944,3,2020,"Pop,Hip Hop",0.5627937768950679
Summer of Love Shawn Mendes  Tainy,"Shawn Mendes, Tainy",0.776,0.808,Key_11,major,0.117,0.0297,0.000127,0.103,0.494,123.988,4,2021,"Pop,Latino,Rap",0.8823568354849387
Meet Me At Our Spot,"THE ANXIETY, WILLOW, Tyler Cole",0.773,0.47,Key_2,major,0.0299,0.0153,0.000193,0.0851,0.399,94.995,4,2020,"Pop,Rock,Jazz",0.6553459119496856
Life Goes On,Oliver Tree,0.7,0.49,Key_0,major,0.076,0.186,0.0,0.117,0.569,79.982,4,2021,Hip Hop,0.8369414101290964
Dick feat Doja Cat,"StarBoi3, Doja Cat",0.647,0.608,Key_9,major,0.42,0.13,0.0,0.0584,0.474,125.994,4,2021,"Pop,Rap",0.728103277060576
Praise God,Kanye West,0.798,0.545,Key_1,major,0.168,0.00904,9.48e-05,0.258,0.212,118.029,4,2021,"Rap,Hip Hop",0.7522674611055942
As It Was,Harry Styles,0.52,0.731,Key_6,minor,0.0557,0.342,0.00101,0.311,0.662,173.93,4,2022,Pop,0.8269447202912943
Me Porto Bonito,"Bad Bunny, Chencho Corleone",0.911,0.712,Key_1,minor,0.0817,0.0901,2.68e-05,0.0933,0.425,92.005,4,2022,"Latino,Rap",0.8423700761337305
Tit Me Pregunt,Bad Bunny,0.65,0.715,Key_5,minor,0.253,0.0993,0.000291,0.126,0.187,106.672,4,2022,"Latino,Rap",0.8362131744455479
Enemy with JID - from the series Arcane League of Legends,"Imagine Dragons, JID, Arcane, League of Legends",0.728,0.783,Key_11,minor,0.266,0.237,0.0,0.434,0.555,77.011,4,2021,"Pop,Rock,Rap,Hip Hop",0.8874544852697782
Quevedo Bzrp Music Sessions Vol 52,"Bizarrap, Quevedo",0.621,0.782,Key_2,major,0.044,0.0125,0.033,0.23,0.55,128.033,4,2022,"Pop,Latino,Rap,Hip Hop",0.813042039059914
Ojitos Lindos,"Bad Bunny, Bomba Estéreo",0.647,0.686,Key_3,minor,0.0413,0.08,1.34e-06,0.528,0.268,79.928,4,2022,"Pop,Rock,Rap,Latino",0.8
Running Up That Hill A Deal With God,Kate Bush,0.629,0.545,Key_10,minor,0.0546,0.719,0.00308,0.0604,0.194,108.376,4,1985,"Pop,Rock",0.3115524660708376
abcdefu,GAYLE,0.695,0.54,Key_4,major,0.0493,0.299,0.0,0.367,0.415,121.932,4,2021,Pop,0.8035087719298246
Efecto,Bad Bunny,0.801,0.475,Key_7,minor,0.0516,0.141,1.73e-05,0.0639,0.234,98.047,4,2022,"Latino,Rap",0.5979476994372724
Ghost,Justin Bieber,0.601,0.741,Key_2,major,0.0478,0.185,2.91e-05,0.415,0.441,153.96,4,2021,Pop,0.8116517709367759
Glimpse of Us,Joji,0.44,0.317,Key_8,major,0.0531,0.891,4.78e-06,0.141,0.268,169.914,3,2022,Pop,0.5674280039721947
Moscow Mule,Bad Bunny,0.804,0.674,Key_5,minor,0.0333,0.294,1.18e-06,0.115,0.292,99.968,4,2022,"Latino,Rap",0.8193313472360146
MIDDLE OF THE NIGHT,Elley Duhé,0.41,0.611,Key_4,minor,0.0467,0.0228,0.0,0.116,0.0899,185.727,3,2020,Hip Hop,0.6327706057596822
Sweater Weather,The Neighbourhood,0.612,0.807,Key_10,major,0.0336,0.0495,0.0177,0.101,0.398,124.053,4,2013,"Pop,Rock",0.99430652101953
Desesperados,"Rauw Alejandro, Chencho Corleone",0.869,0.694,Key_1,minor,0.0783,0.356,0.00125,0.0878,0.511,90.02,4,2021,"Pop,Latino,Rap",0.9585567692816948
Another Love,Tom Odell,0.445,0.537,Key_4,minor,0.04,0.695,1.65e-05,0.0944,0.131,122.769,4,2013,Pop,0.6154915590863953
PROVENZA,KAROL G,0.87,0.516,Key_1,major,0.0541,0.656,0.00823,0.11,0.53,111.005,4,2022,"Latino,Rap",0.6503144654088051
Bam Bam feat Ed Sheeran,"Camila Cabello, Ed Sheeran",0.756,0.697,Key_8,major,0.0401,0.182,0.0,0.333,0.956,94.996,4,2022,Pop,0.7581595498179412
First Class,Jack Harlow,0.902,0.582,Key_5,minor,0.109,0.111,3.18e-06,0.111,0.332,107.005,4,2022,"Pop,Rap,Hip Hop",0.7896060906984443
MAMIII,"Becky G, KAROL G",0.843,0.7,Key_4,minor,0.0803,0.0934,0.0,0.14,0.899,93.991,4,2022,"Pop,Latino,Rap",0.9444554783184376
Where Are You Now,"Lost Frequencies, Calum Scott",0.671,0.636,Key_6,minor,0.103,0.515,0.000411,0.172,0.262,120.966,4,2021,"Pop,Hip Hop",0.6429659053293612
Dandelions,Ruth B.,0.609,0.692,Key_1,major,0.0259,0.0157,0.0,0.0864,0.454,116.959,3,2017,"Pop,Hip Hop,Jazz",0.9845084409136048
About Damn Time,Lizzo,0.836,0.743,Key_10,minor,0.0656,0.0995,0.0,0.335,0.722,108.966,4,2022,"Pop,Rap,Hip Hop",0.7629261833829859
I Aint Worried,OneRepublic,0.704,0.797,Key_0,major,0.0475,0.0826,0.000745,0.0546,0.825,139.994,4,2022,"Pop,Rock",0.7879510095994704
La Bachata,Manuel Turizo,0.835,0.679,Key_7,minor,0.0364,0.583,1.98e-06,0.218,0.85,124.98,4,2022,"Pop,Latino,Rap",0.8275405494869249
Una Noche en Medelln,Cris Mj,0.87,0.548,Key_10,minor,0.077,0.0924,4.6e-05,0.0534,0.832,96.018,4,2022,"Latino,Rap",0.8325719960278054
I Love You So,The Walters,0.575,0.648,Key_10,major,0.0358,0.583,0.0,0.115,0.466,75.977,4,2014,Rock,0.8565375703409468
Infinity,Jaymes Young,0.671,0.673,Key_11,minor,0.0444,0.148,5.29e-05,0.304,0.494,121.963,4,2017,"Pop,Rock",0.720820920225091
Party,"Bad Bunny, Rauw Alejandro",0.829,0.799,Key_9,major,0.0897,0.0151,0.000543,0.242,0.471,97.013,4,2022,"Pop,Latino,Rap",0.8235683548493876
The Motto,"Tiësto, Ava Max",0.754,0.763,Key_7,minor,0.0435,0.0301,2.23e-05,0.0901,0.464,117.953,4,2021,"Pop,Hip Hop",0.8740152267461105
Late Night Talking,Harry Styles,0.714,0.728,Key_10,major,0.0468,0.298,0.0,0.106,0.901,114.996,4,2022,Pop,0.8761337305527972
Until I Found You,Stephen Sanchez,0.539,0.508,Key_10,major,0.0288,0.727,0.0,0.174,0.227,101.358,3,2021,Pop,0.7798080105925191
Lo Siento BB with Bad Bunny  Julieta Venegas,"Tainy, Bad Bunny, Julieta Venegas",0.639,0.703,Key_4,minor,0.0794,0.0889,1.78e-06,0.0865,0.138,169.888,4,2021,"Pop,Rock,Rap,Latino",0.761271102284012
Tarot,"Bad Bunny, Jhayco",0.795,0.684,Key_11,minor,0.0419,0.0225,0.0,0.658,0.419,114.011,4,2022,"Latino,Rap",0.9174445547831844
Lovin On Me,Jack Harlow,0.943,0.558,Key_2,major,0.0568,0.0026,2.19e-06,0.0937,0.606,104.983,4,2023,"Pop,Rap,Hip Hop",0.8552135054617677
Houdini,Dua Lipa,0.744,0.789,Key_9,minor,0.059,0.0036,0.00144,0.0947,0.866,116.985,4,2023,Pop,0.857530619000331
greedy,Tate McRae,0.75,0.733,Key_6,minor,0.0319,0.256,0.0,0.114,0.844,111.018,1,2023,"Pop,Hip Hop",0.969811320754717
Strangers,Kenya Grace,0.628,0.523,Key_11,minor,0.0946,0.701,0.00274,0.219,0.416,169.982,4,2023,Pop,0.6303872889771599
Paint The Town Red,Doja Cat,0.868,0.538,Key_5,major,0.174,0.269,3.34e-06,0.0901,0.732,99.968,4,2023,Pop,0.6107911287653096
Dance The Night - From Barbie The Album,Dua Lipa,0.671,0.845,Key_11,minor,0.048,0.0207,0.0,0.329,0.775,110.056,4,2023,Pop,0.8539556438265475
BOTH,"Tiësto, 21 Savage, BIA",0.69,0.933,Key_5,minor,0.0832,0.0252,2.51e-05,0.493,0.523,119.987,4,2023,"Pop,Latino,Rap,Hip Hop",0.9751737835153924
In The City,"Charli XCX, Sam Smith",0.736,0.754,Key_4,major,0.0443,0.033,0.000599,0.0731,0.648,128.046,4,2023,Pop,0.8190665342601788
Is It Over Now Taylors Version From The Vault,Taylor Swift,0.596,0.658,Key_0,major,0.036,0.0504,0.0,0.127,0.176,100.012,4,2023,Pop,0.6940086064217147
I Remember Everything feat Kacey Musgraves,"Zach Bryan, Kacey Musgraves",0.429,0.453,Key_0,major,0.0459,0.554,2e-06,0.102,0.155,77.639,4,2023,"Pop,Country",0.667527308838133
Lose Control,Teddy Swims,0.561,0.604,Key_9,major,0.0337,0.199,1.9e-05,0.104,0.242,159.92,3,2023,hip hop,0.8884475339291626
vampire,Olivia Rodrigo,0.511,0.532,Key_5,major,0.0578,0.177,0.0,0.291,0.35,138.005,4,2023,Pop,0.8
When We Were Young The Logical Song,"David Guetta, Kim Petras",0.657,0.914,Key_0,minor,0.0523,0.0526,6.32e-06,0.109,0.502,139.989,4,2023,"Pop,Hip Hop",0.8815623965574313
Nice to meet you feat Central Cee,"PinkPantheress, Central Cee",0.701,0.781,Key_10,minor,0.0532,0.0264,0.000833,0.0584,0.546,148.299,4,2023,Pop,0.7449189010261503
Different Kind Of Beautiful,Alec Benjamin,0.522,0.427,Key_0,major,0.0602,0.709,3.85e-06,0.135,0.644,106.043,4,2023,"Pop,Rock,Hip Hop",0.6891757696127111
Cupid - Twin Ver,FIFTY FIFTY,0.783,0.592,Key_11,minor,0.0331,0.435,4.15e-06,0.347,0.726,120.018,4,2023,Pop,0.6287322078781861
Better Things,aespa,0.782,0.767,Key_0,major,0.0529,0.11,0.00323,0.496,0.548,115.027,4,2023,Pop,0.8239655743131413
Eyes Closed,Ed Sheeran,0.793,0.52,Key_11,minor,0.0696,0.246,0.0,0.0878,0.309,107.014,4,2023,Pop,0.6866600463422708
fukumean,Gunna,0.847,0.622,Key_1,minor,0.0903,0.119,0.0,0.285,0.22,130.001,4,2023,"Rap,Hip Hop",0.7336643495531281
1035,"Tiësto, Tate McRae",0.696,0.793,Key_8,major,0.097,0.0683,3.78e-06,0.18,0.698,120.003,4,2022,"Pop,Hip Hop",0.8007944389275075
Cant Catch Me Now - from The Hunger Games The Ballad of Songbirds  Snakes,Olivia Rodrigo,0.518,0.368,Key_11,minor,0.0353,0.855,4.9e-06,0.119,0.234,141.934,4,2023,Pop,0.6666004634227077
LALA,Myke Towers,0.708,0.737,Key_1,major,0.0436,0.0739,0.00162,0.0955,0.607,91.986,4,2023,"Latino,Rap",0.9125455147302218
Vertigo,Griff,0.536,0.59,Key_2,major,0.239,0.107,0.000351,0.129,0.257,180.135,4,2023,Pop,0.745382323733863
Cruel Summer,Taylor Swift,0.552,0.702,Key_9,major,0.157,0.117,2.06e-05,0.105,0.564,169.994,4,2019,Pop,0.8025157232704403
City Boys,Burna Boy,0.808,0.634,Key_2,minor,0.172,0.0851,0.0,0.127,0.569,100.03,4,2023,"Pop,Hip Hop",0.732538894405826
My Love Mine All Mine,Mitski,0.504,0.308,Key_9,major,0.0321,0.868,0.135,0.158,0.121,113.95,4,2023,Rock,0.1900695134061569
adore u,"Fred again.., Obongjayar",0.747,0.867,Key_0,major,0.088,0.582,0.00413,0.114,0.684,124.015,4,2023,"Hip Hop,Jazz",0.6963257199602781
Big FU,"David Guetta, Ayra Starr, Lil Durk",0.774,0.711,Key_11,minor,0.18,0.243,0.00052,0.0732,0.612,125.14,4,2023,"Pop,Rap,Hip Hop",0.6526977821913275
Water,Tyla,0.673,0.722,Key_3,minor,0.0755,0.0856,0.0,0.137,0.519,117.187,4,2023,"pop, r&b",0.9489572989076464
Cobra,Megan Thee Stallion,0.816,0.649,Key_0,minor,0.242,0.709,0.0,0.52,0.686,138.056,4,2023,"Pop,Rap,Jazz",0.8413770274743463
Speed Drive From Barbie The Album,Charli XCX,0.652,0.879,Key_0,major,0.0784,0.00284,0.0896,0.0918,0.789,173.925,4,2023,Pop,0.7563058589870904
Stick Season,Noah Kahan,0.662,0.488,Key_9,major,0.0682,0.782,0.0,0.102,0.817,117.913,4,2022,Rock,0.7239324726911619
Barbie World with Aqua From Barbie The Album,"Nicki Minaj, Ice Spice, Aqua",0.77,0.58,Key_0,major,0.247,0.519,0.000127,0.233,0.753,144.072,4,2023,"Pop,Rap,Hip Hop",0.6246938099966899
Snooze,SZA,0.559,0.551,Key_5,major,0.132,0.141,0.0,0.11,0.392,143.008,4,2022,"Pop,Rap,Jazz",0.7016219794769945
Youre Hired feat Ayra Starr,"NEIKED, Ayra Starr",0.743,0.717,Key_0,major,0.0422,0.0562,0.0,0.144,0.853,105.988,4,2023,Pop,0.8670638861304204
Live For Me,Omar Apollo,0.584,0.478,Key_0,major,0.0305,0.579,0.000316,0.153,0.118,95.973,4,2023,"Pop,Jazz",0.7232042370076134
Popular with Playboi Carti  Madonna - Music from the HBO Original Series,"The Weeknd, Playboi Carti, Madonna",0.855,0.678,Key_1,major,0.189,0.0569,3.69e-05,0.412,0.852,99.029,4,2023,"Pop,Rap,Hip Hop,Jazz",0.7648460774577954
Low Tide,iann dior,0.411,0.494,Key_2,major,0.0329,0.386,0.0,0.271,0.334,74.779,4,2023,Rap,0.6975835815954983
Oh U Went feat Drake,"Young Thug, Drake",0.808,0.789,Key_7,minor,0.236,0.0517,0.0,0.0819,0.465,136.01,4,2023,"Pop,Rap,Hip Hop",0.7910625620655413
Lay Low,Tiësto,0.534,0.855,Key_1,minor,0.183,0.0607,0.000263,0.346,0.42,122.06,4,2023,"Pop,Hip Hop",0.8544190665342601
WE SEE YOU,NLE Choppa,0.815,0.733,Key_0,major,0.214,0.00484,0.0,0.0659,0.557,145.01,4,2023,"Rap,Hip Hop",0.928037073816617
Boys a liar Pt 2,"PinkPantheress, Ice Spice",0.696,0.809,Key_5,major,0.05,0.252,0.000128,0.248,0.857,132.962,4,2023,Pop,0.6338960609069846
Strong Enough feat Bailey Zimmerman,"Jonas Brothers, Bailey Zimmerman",0.754,0.816,Key_3,major,0.0584,0.208,0.0,0.0491,0.653,126.082,4,2023,"Pop,Country",0.8368090036411784
Endless Fashion feat Nicki Minaj,"Lil Uzi Vert, Nicki Minaj",0.731,0.605,Key_1,major,0.19,0.067,7.7e-06,0.177,0.413,132.946,4,2023,"Pop,Rap,Hip Hop",0.8486593843098312
UNHEALTHY feat Shania Twain,"Anne-Marie, Shania Twain",0.621,0.66,Key_11,minor,0.0366,0.00526,0.0,0.072,0.407,119.937,4,2023,"Pop,Country",0.7693478980470043
Gimme Love,Sia,0.284,0.755,Key_1,minor,0.05,0.00335,0.00195,0.103,0.199,93.384,4,2023,Pop,0.9721284342932804
What Was I Made For,Billie Eilish,0.371,0.0844,Key_0,major,0.0378,0.955,0.0,0.0983,0.0967,117.337,3,2023,Pop,0.0
Big 7,Burna Boy,0.661,0.86,Key_8,major,0.321,0.168,0.0,0.0958,0.605,176.061,4,2023,"Pop,Hip Hop",0.7833829857663026
Piscina,"Maria Becerra, Chencho Corleone, Ovy On The Drums",0.761,0.827,Key_11,minor,0.0659,0.385,6.42e-05,0.095,0.568,97.021,4,2023,"Pop,Latino,Rap",0.9030122476001324
Seven feat Latto Clean Ver,"Jung Kook, Latto",0.776,0.831,Key_11,major,0.0457,0.316,0.0,0.0688,0.891,124.986,4,2023,"Pop,Rap",0.9171797418073486
One in a Million,"Bebe Rexha, David Guetta",0.454,0.931,Key_11,major,0.0321,0.238,0.000623,0.289,0.462,137.945,4,2023,"Pop,Hip Hop",0.9100297914597816
Calm Down with Selena Gomez,"Rema, Selena Gomez",0.801,0.806,Key_11,major,0.0381,0.382,0.000669,0.114,0.802,106.999,4,2022,Pop,0.8356835484938763
Borracho y Loco,"Yandel, Myke Towers",0.758,0.73,Key_1,minor,0.12,0.228,4.3e-05,0.0851,0.682,173.988,4,2023,"Latino,Rap,Hip Hop",0.9389606090698444
What Was,Benson Boone,0.633,0.612,Key_4,major,0.0515,0.331,0.0,0.117,0.335,119.891,4,2023,Pop,0.8249586229725256
Bongos feat Megan Thee Stallion,"Cardi B, Megan Thee Stallion",0.726,0.738,Key_0,major,0.355,0.0791,0.0,0.0297,0.896,121.953,4,2023,"Pop,Rap,Jazz",0.863356504468719
La Bebe - Remix,"Yng Lvcas, Peso Pluma",0.812,0.479,Key_2,minor,0.333,0.213,1.21e-06,0.0756,0.559,169.922,4,2023,Latino,0.80443561734525
Rock My Body,"R3HAB, INNA, Sash!",0.662,0.821,Key_2,minor,0.13,0.202,0.0,0.522,0.47,124.077,4,2023,"Pop,Hip Hop",0.9087057265806024
Religiously,Bailey Zimmerman,0.57,0.67,Key_1,major,0.0274,0.426,0.0,0.108,0.593,140.924,4,2023,"Pop,Country",0.7487586891757696
0800 HEAVEN,"Nathan Dawe, Joel Corry, Ella Henderson",0.644,0.836,Key_6,major,0.111,0.183,1.71e-06,0.343,0.21,140.015,4,2023,Pop,0.9100297914597816
Im Good Blue,"David Guetta, Bebe Rexha",0.561,0.965,Key_7,minor,0.0343,0.00383,7.07e-06,0.371,0.304,128.04,4,2022,"Pop,Hip Hop",0.9371731214829526
Old Town Road - Remix,"Lil Nas X, Billy Ray Cyrus",0.878,0.619,Key_6,major,0.102,0.0533,0.0,0.113,0.639,136.041,4,2019,"Rock,Hip Hop,Country",0.7300848841005549
bad guy,Billie Eilish,0.701,0.425,Key_7,major,0.375,0.328,0.13,0.1,0.562,135.128,4,2019,Pop,0.2889324191968657
Seorita,"Shawn Mendes, Camila Cabello",0.759,0.548,Key_9,minor,0.029,0.0392,0.0,0.0828,0.749,116.967,4,2019,Pop,0.6901730329742082
7 rings,Ariana Grande,0.778,0.317,Key_1,minor,0.334,0.592,0.0,0.0881,0.327,140.048,4,2019,Pop,0.3079497224942866
Sunflower - Spider-Man Into the Spider-Verse,"Post Malone, Swae Lee",0.755,0.522,Key_2,major,0.0575,0.533,0.0,0.0685,0.925,89.96,4,2019,"Pop,Rap",0.827375122428991
Cruel Summer,Taylor Swift,0.552,0.702,Key_9,major,0.157,0.117,2.06e-05,0.105,0.564,169.994,4,2019,Pop,0.7180868429644138
Without Me,Halsey,0.752,0.488,Key_6,major,0.0705,0.297,9.11e-06,0.0936,0.533,136.041,4,2018,"Rock,Pop",0.6084720861900097
Let Me Down Slowly,Alec Benjamin,0.652,0.557,Key_1,minor,0.0318,0.74,0.0,0.124,0.483,150.073,4,2018,"Rock,Pop,Hip Hop",0.7175155076722166
Shallow,"Lady Gaga, Bradley Cooper",0.572,0.385,Key_7,major,0.0308,0.371,0.0,0.231,0.323,95.799,4,2018,Pop,0.664626183480248
lovely with Khalid,"Billie Eilish, Khalid",0.351,0.296,Key_4,minor,0.0333,0.934,0.0,0.095,0.12,115.284,4,2018,"Jazz,Pop",0.3587985634998367
Someone You Loved,Lewis Capaldi,0.501,0.405,Key_1,major,0.0319,0.751,0.0,0.105,0.446,109.891,4,2019,Pop,0.7203721841332026
Sweet but Psycho,Ava Max,0.72,0.706,Key_1,major,0.0473,0.0684,0.0,0.166,0.62,133.002,4,2020,Pop,0.7987267384916747
SICKO MODE,Travis Scott,0.834,0.73,Key_8,major,0.222,0.00513,0.0,0.124,0.446,155.008,4,2018,"Hip Hop,Rap",0.8807541625857002
Lost in the Fire feat The Weeknd,"Gesaffelstein, The Weeknd",0.658,0.671,Key_2,major,0.0363,0.0933,0.000927,0.115,0.166,100.966,4,2019,"Jazz,Pop",0.1873163565132222
Circles,Post Malone,0.695,0.762,Key_0,major,0.0395,0.192,0.00244,0.0863,0.553,120.042,4,2019,"Pop,Rap",0.8984655566438131
Lover,Taylor Swift,0.359,0.543,Key_7,major,0.0919,0.492,1.58e-05,0.118,0.453,68.534,4,2019,Pop,0.5650506039830231
when the partys over,Billie Eilish,0.367,0.111,Key_4,major,0.0972,0.978,3.97e-05,0.0897,0.198,82.642,4,2019,Pop,0.0343617368592883
Ransom,Lil Tecca,0.745,0.642,Key_7,minor,0.287,0.0204,0.0,0.0658,0.226,179.974,4,2019,Rap,0.673196212863206
Doin Time,Lana Del Rey,0.641,0.559,Key_7,minor,0.0355,0.404,0.00402,0.0937,0.523,144.982,4,2019,Pop,0.2753019915115899
Wow,Post Malone,0.829,0.539,Key_11,minor,0.208,0.136,1.78e-06,0.103,0.388,99.96,4,2019,"Pop,Rap",0.5832517140058765
MIDDLE CHILD,J. Cole,0.837,0.364,Key_8,major,0.276,0.149,0.0,0.271,0.463,123.984,4,2019,"Hip Hop,Rap",0.2278811622592229
a lot,21 Savage,0.837,0.636,Key_1,major,0.086,0.0395,0.00125,0.342,0.274,145.972,4,2018,"Hip Hop,Rap",0.5600718250081619
Bruises,Lewis Capaldi,0.736,0.308,Key_4,major,0.0677,0.946,0.0,0.186,0.361,111.202,4,2019,Pop,0.5448090107737511
thank u next,Ariana Grande,0.717,0.653,Key_1,major,0.0658,0.229,0.0,0.101,0.412,106.966,4,2019,Pop,0.724045053868756
Lose You To Love Me,Selena Gomez,0.488,0.343,Key_4,major,0.0436,0.556,0.0,0.21,0.0978,102.819,4,2020,Pop,0.4505386875612145
You Need To Calm Down,Taylor Swift,0.771,0.671,Key_2,major,0.0553,0.00929,0.0,0.0637,0.714,85.026,4,2019,Pop,0.7254325824355206
Better Now,Post Malone,0.68,0.578,Key_10,major,0.04,0.331,0.0,0.135,0.341,145.038,4,2018,"Pop,Rap",0.7101697682011099
High Hopes,Panic! At The Disco,0.579,0.904,Key_5,major,0.0618,0.193,0.0,0.064,0.681,82.014,4,2018,"Rock,Pop",0.9611492001305908
EARFQUAKE,"Tyler, The Creator",0.554,0.498,Key_9,major,0.0685,0.23,5.98e-06,0.795,0.413,79.635,4,2019,"Hip Hop,Rap",0.4602513875285667
Robbery,Juice WRLD,0.623,0.692,Key_2,major,0.0504,0.328,0.0,0.153,0.566,79.899,4,2019,Rap,0.7658341495266078
Sucker,Jonas Brothers,0.842,0.734,Key_1,minor,0.0588,0.0427,0.0,0.106,0.952,137.958,4,2019,Pop,0.770486451191642
Ride It,Regard,0.88,0.751,Key_7,minor,0.0874,0.177,6.43e-05,0.106,0.884,117.948,4,2019,"Pop,Hip Hop",0.8363532484492326
Going Bad feat Drake,"Meek Mill, Drake",0.889,0.496,Key_4,minor,0.0905,0.259,0.0,0.252,0.544,86.003,4,2018,"Pop,Hip Hop,Rap",0.6643813254978778
boyfriend with Social House,"Ariana Grande, Social House",0.4,0.795,Key_10,minor,0.461,0.119,0.0,0.159,0.702,190.097,4,2019,Pop,0.8793666340189356
Hold Me While You Wait,Lewis Capaldi,0.688,0.53,Key_11,major,0.0333,0.443,0.0,0.0995,0.162,106.958,4,2019,Pop,0.7344107084557623
Pop Out feat Lil Tjay,"Polo G, Lil Tjay",0.772,0.639,Key_1,major,0.467,0.15,0.0,0.0698,0.261,168.112,4,2019,Rap,0.6028403525954945
Goodbyes feat Young Thug,"Post Malone, Young Thug",0.548,0.653,Key_5,major,0.081,0.456,0.0,0.103,0.163,150.068,4,2019,"Pop,Hip Hop,Rap",0.8676134508651647
Location feat Burna Boy,"Dave, Burna Boy",0.812,0.496,Key_9,minor,0.297,0.271,0.0,0.0955,0.55,109.979,4,2019,"Pop,Hip Hop",0.6967025791707475
Con Calma,"Daddy Yankee, Snow",0.737,0.86,Key_8,minor,0.0593,0.11,1.94e-06,0.0574,0.656,93.989,4,2019,"Latino,Hip Hop,Rap",0.96743388834476
Money In The Grave Drake ft Rick Ross,"Drake, Rick Ross",0.831,0.502,Key_10,minor,0.046,0.101,0.0,0.122,0.101,100.541,4,2019,"Pop,Hip Hop,Rap",0.8537381651975187
MIA,"Bad Bunny, Drake",0.816,0.538,Key_6,minor,0.0617,0.0142,0.000496,0.099,0.156,97.054,4,2018,"Latino,Pop,Hip Hop,Rap",0.6652791380999019
Look Back at It,A Boogie Wit da Hoodie,0.791,0.587,Key_3,minor,0.0413,0.407,0.0,0.148,0.536,96.057,4,2018,Rap,0.7696702579170747
ZEZE feat Travis Scott  Offset,"Kodak Black, Offset, Travis Scott",0.861,0.603,Key_8,minor,0.176,0.0521,0.0,0.0924,0.504,98.043,4,2018,"Latino,Pop,Hip Hop,Rap",0.7114756774404178
Please Me,"Cardi B, Bruno Mars",0.747,0.57,Key_1,major,0.081,0.0642,0.0,0.0832,0.65,133.992,4,2019,"Pop,Rap",0.6361410381978452
Dont Start Now,Dua Lipa,0.794,0.793,Key_11,minor,0.0842,0.0125,0.0,0.0952,0.677,123.941,4,2019,Pop,0.8148873653281096
Dance Monkey,Tones And I,0.824,0.588,Key_6,minor,0.0924,0.692,0.000104,0.149,0.513,98.027,4,2019,Pop,0.6615246490368918
break up with your girlfriend im bored,Ariana Grande,0.726,0.554,Key_5,minor,0.0917,0.0421,0.0,0.106,0.335,169.999,4,2019,Pop,0.7521221025138751
Boy With Luv feat Halsey,"BTS, Halsey",0.645,0.862,Key_11,minor,0.0845,0.0933,0.0,0.193,0.803,119.947,4,2019,"Rock,Pop",0.7952987267384916
Nights Like This feat Ty Dolla ign,"Kehlani, Ty Dolla $ign",0.61,0.725,Key_8,major,0.15,0.367,0.0,0.154,0.291,146.163,4,2019,"Jazz,Pop,Hip Hop,Rap",0.7650995755794971
im so tired,"Lauv, Troye Sivan",0.548,0.735,Key_11,major,0.236,0.173,0.0,0.195,0.498,101.252,4,2020,Pop,0.5658667972575905
Old Town Road,Lil Nas X,0.907,0.53,Key_1,major,0.127,0.0578,2.23e-06,0.101,0.507,135.998,4,2019,Hip Hop,0.6850310153444334
10000 Hours with Justin Bieber,"Dan + Shay, Justin Bieber",0.654,0.63,Key_10,major,0.0259,0.153,0.0,0.111,0.43,89.991,4,2019,"Pop,Country",0.8048481880509304
Callaita,"Bad Bunny, Tainy",0.61,0.624,Key_2,major,0.309,0.6,2.12e-06,0.243,0.244,176.169,4,2019,"Pop,Latino,Rap",0.7943192948090108
China,"Anuel AA, Daddy Yankee, KAROL G, J Balvin, Ozuna",0.786,0.808,Key_7,major,0.0882,0.0846,0.000289,0.0822,0.609,105.027,4,2019,"Latino,Pop,Hip Hop,Rap",0.8817335945151811
Dont Call Me Up,Mabel,0.674,0.881,Key_9,major,0.147,0.296,3.01e-06,0.0793,0.234,98.994,4,2019,Pop,0.9510284035259547
Pure Water with Migos,"Mustard, Migos",0.682,0.559,Key_0,major,0.127,0.174,0.0,0.344,0.137,202.015,4,2019,"Pop,Hip Hop,Rap",0.731309174012406
bury a friend,Billie Eilish,0.905,0.389,Key_8,major,0.332,0.74,0.162,0.106,0.196,120.046,4,2019,Pop,0.0
Higher Love,"Kygo, Whitney Houston",0.693,0.678,Key_8,major,0.0324,0.0151,5.71e-06,0.101,0.404,103.952,4,2019,"Pop,Hip Hop",0.5995755794972248
Nothing Breaks Like a Heart feat Miley Cyrus,"Mark Ronson, Miley Cyrus",0.601,0.794,Key_7,minor,0.0671,0.00987,1.36e-06,0.388,0.244,114.066,4,2018,"Jazz,Pop",0.7069049951028402
Soltera Remix,"Lunay, Daddy Yankee, Bad Bunny",0.795,0.783,Key_5,major,0.0432,0.361,0.0,0.437,0.799,92.01,4,2019,"Latino,Hip Hop,Rap",0.8352921971922951
Beautiful People feat Khalid,"Ed Sheeran, Khalid",0.64,0.647,Key_5,minor,0.186,0.124,0.0,0.0801,0.546,92.979,4,2019,"Jazz,Pop",0.5216291217760364
Good as Hell,Lizzo,0.682,0.919,Key_0,minor,0.0875,0.256,0.0,0.442,0.535,95.982,4,2019,"Pop,Hip Hop,Rap",0.9243388834476004
Here With Me,"Marshmello, CHVRCHES",0.791,0.565,Key_5,minor,0.0439,0.0623,0.0,0.156,0.181,99.961,4,2019,"Rock,Pop,Hip Hop",0.8628795298726737
Dancing With A Stranger with Normani,"Sam Smith, Normani",0.741,0.52,Key_8,major,0.0656,0.45,1.97e-06,0.222,0.347,102.998,4,2019,"Jazz,Pop",0.5706823375775383
Swervin feat 6ix9ine,"A Boogie Wit da Hoodie, 6ix9ine",0.581,0.662,Key_9,major,0.303,0.0153,0.0,0.111,0.434,93.023,4,2018,Rap,0.7562846882141689
SOS feat Aloe Blacc,"Avicii, Aloe Blacc",0.802,0.645,Key_5,minor,0.0715,0.272,0.0,0.119,0.376,100.001,4,2019,"Jazz,Pop,Hip Hop",0.6793992817499183
Kill This Love,BLACKPINK,0.763,0.835,Key_2,minor,0.191,0.323,0.00221,0.225,0.645,131.875,4,2019,Pop,0.7566927848514526
Shotta Flow feat Blueface Remix,"NLE Choppa, Blueface",0.894,0.511,Key_2,major,0.421,0.0251,0.0,0.14,0.567,120.077,4,2019,"Hip Hop,Rap",0.7947273914462945
3 Nights,Dominic Fike,0.815,0.518,Key_7,minor,0.0897,0.223,0.0,0.104,0.877,151.891,4,2018,"Rock,Pop",0.6456904995102839
Secreto,"Anuel AA, KAROL G",0.807,0.803,Key_11,major,0.126,0.602,0.00853,0.136,0.706,91.987,4,2019,"Latino,Rap",0.8446784198498203
Calma - Remix,"Pedro Capó, Farruko",0.826,0.773,Key_11,minor,0.0524,0.323,0.0,0.143,0.761,126.899,4,2018,"Pop,Latino,Rap",0.8396180215475023
Bohemian Rhapsody - Remastered 2011,Queen,0.392,0.402,Key_0,minor,0.0536,0.288,0.0,0.243,0.228,143.883,4,1975,Rock,0.3708782239634344
Truth Hurts,Lizzo,0.715,0.624,Key_4,minor,0.114,0.11,0.0,0.123,0.412,158.087,4,2019,"Pop,Hip Hop,Rap",0.9352758733268036
Piece Of Your Heart,"MEDUZA, Goodboys",0.677,0.744,Key_10,minor,0.0295,0.0404,0.00016,0.074,0.631,124.08,4,2019,"Pop,Hip Hop",0.6283872020894546
Grace,Lewis Capaldi,0.722,0.565,Key_4,major,0.0335,0.435,0.0,0.165,0.488,104.483,4,2019,Pop,0.7065785177930133
Adan y Eva,Paulo Londra,0.767,0.709,Key_1,major,0.336,0.323,0.0,0.0745,0.72,171.993,4,2019,"Latino,Hip Hop,Rap",0.8190499510284035
So Am I,Ava Max,0.681,0.657,Key_6,major,0.0432,0.0748,0.0,0.353,0.628,130.089,4,2020,Pop,0.8026444662095983
One Thing Right,"Marshmello, Kane Brown",0.659,0.625,Key_4,major,0.045,0.0644,0.0,0.582,0.442,88.042,4,2019,"Pop,Hip Hop,Country",1.0
Taki Taki feat Selena Gomez Ozuna  Cardi B,"DJ Snake, Selena Gomez, Ozuna, Cardi B",0.842,0.801,Key_8,minor,0.228,0.157,4.82e-06,0.0642,0.617,95.881,4,2019,"Latino,Pop,Hip Hop,Rap",0.8437806072477962
My Type,Saweetie,0.899,0.811,Key_2,major,0.258,0.000677,0.0,0.0672,0.587,105.038,4,2019,Rap,0.6701762977473065
Otro Trago,"Sech, Darell",0.746,0.7,Key_0,major,0.341,0.136,0.000159,0.11,0.619,176.044,4,2019,"Latino,Pop,Hip Hop,Rap",0.8028077048645118
Money,Cardi B,0.95,0.59,Key_8,minor,0.29,0.00534,0.0,0.11,0.219,130.003,4,2018,"Pop,Rap",0.6527097616715637
How Do You Sleep,Sam Smith,0.477,0.682,Key_1,minor,0.0925,0.153,0.0,0.0763,0.345,110.567,5,2019,Pop,0.7814234410708454
Only Human,Jonas Brothers,0.795,0.496,Key_0,major,0.0722,0.108,0.0,0.0645,0.874,94.01,4,2019,Pop,0.7037218413320273
Talk feat Disclosure,"Khalid, Disclosure",0.9,0.4,Key_0,major,0.127,0.0516,0.0,0.0599,0.346,135.984,4,2019,"Rock,Jazz,Pop,Hip Hop",0.4840026118184786
Leave Me Alone,Flipp Dinero,0.792,0.743,Key_7,major,0.0851,0.107,0.0,0.183,0.742,150.024,4,2019,Rap,0.9548645119164216
Panini,Lil Nas X,0.703,0.594,Key_5,minor,0.0752,0.342,0.0,0.123,0.475,153.848,4,2019,Hip Hop,0.6822559582109042
Suge,DaBaby,0.876,0.662,Key_2,minor,0.426,0.0608,0.0,0.127,0.844,75.445,4,2019,"Pop,Hip Hop,Rap",0.654831864185439
Slide Away,Miley Cyrus,0.534,0.538,Key_5,major,0.0327,0.173,2.82e-06,0.248,0.289,148.016,4,2019,Pop,0.6392425726412013
Giant with RagnBone Man,"Calvin Harris, Rag'n'Bone Man",0.807,0.887,Key_1,minor,0.0361,0.016,0.000503,0.0811,0.606,122.015,4,2019,"Jazz,Pop,Hip Hop",0.8320274240940253
Lost Without You,Freya Ridings,0.386,0.136,Key_6,major,0.0458,0.932,0.0,0.0653,0.0976,67.016,3,2019,Pop,0.4275220372184133
emotions,iann dior,0.63,0.631,Key_9,major,0.0396,0.0129,0.0,0.142,0.163,80.512,4,2019,Rap,0.676950701926216
Motivation,Normani,0.599,0.887,Key_4,major,0.0984,0.0192,1.21e-06,0.3,0.881,170.918,4,2019,"Jazz,Pop",0.8601044727391445
Better,Khalid,0.695,0.586,Key_0,minor,0.0658,0.102,0.317,0.113,0.112,98.035,4,2018,"Jazz,Pop",0.3419849820437479
Never Really Over,Katy Perry,0.77,0.882,Key_8,major,0.0602,0.194,0.0,0.316,0.385,99.991,4,2019,Pop,0.7927685275873326
Easier,5 Seconds of Summer,0.562,0.46,Key_5,major,0.259,0.476,0.0,0.107,0.623,176.055,4,2020,Pop,0.8432908912830557
If I Cant Have You,Shawn Mendes,0.692,0.809,Key_2,major,0.0602,0.524,0.0,0.147,0.864,123.911,4,2019,Pop,0.8412504080966372
Ladbroke Grove,AJ Tracey,0.902,0.839,Key_11,minor,0.208,0.0933,0.0,0.102,0.727,133.989,4,2019,Hip Hop,0.4128305582761997
I Dont Care with Justin Bieber,"Ed Sheeran & Justin Bieber, Justin Bieber",0.798,0.676,Key_6,major,0.0442,0.0902,0.0,0.0894,0.843,101.956,4,2019,Pop,0.7724453150506039
The London feat J Cole  Travis Scott,"Young Thug, J. Cole, Travis Scott",0.796,0.586,Key_4,minor,0.147,0.0247,0.0,0.132,0.179,97.981,4,2019,"Hip Hop,Rap",0.6169604962455109
we fell in love in october,girl in red,0.566,0.366,Key_7,major,0.028,0.113,0.181,0.155,0.237,129.96,4,2018,"Rock,Pop",0.1385079986940907
Natural,Imagine Dragons,0.704,0.611,Key_2,major,0.0409,0.217,0.0,0.0812,0.22,100.0,4,2018,"Rock,Pop",0.6850310153444334
Call Out My Name,The Weeknd,0.461,0.593,Key_1,major,0.0356,0.17,0.0,0.307,0.175,134.17,3,2018,"Jazz,Pop",0.7795461965393404
Delicate,Taylor Swift,0.75,0.404,Key_9,minor,0.0682,0.216,0.000357,0.0911,0.0499,95.045,4,2017,Pop,0.3531668299053214
Ric Flair Drip with Metro Boomin,"Offset, Metro Boomin",0.88,0.428,Key_9,major,0.206,0.149,5.05e-05,0.114,0.333,100.007,4,2017,"Pop,Hip Hop,Rap",0.5080803134182174
Gods Plan,Drake,0.754,0.449,Key_7,major,0.109,0.0332,8.29e-05,0.552,0.357,77.169,4,2018,"Pop,Hip Hop,Rap",0.4320927195559907
One Kiss with Dua Lipa,"Calvin Harris, Dua Lipa",0.791,0.862,Key_9,minor,0.11,0.037,2.19e-05,0.0814,0.592,123.994,4,2018,"Pop,Hip Hop",0.9194417238001956
Lucid Dreams,Juice WRLD,0.511,0.566,Key_6,minor,0.2,0.349,0.0,0.34,0.218,83.903,4,2018,Rap,0.5937806072477961
All The Stars with SZA,"Kendrick Lamar, SZA",0.698,0.633,Key_8,major,0.0597,0.0605,0.000194,0.0926,0.552,96.924,4,2018,"Jazz,Pop,Hip Hop,Rap",0.7801991511589943
rockstar feat 21 Savage,"Post Malone, 21 Savage",0.585,0.52,Key_5,minor,0.0712,0.124,7.01e-05,0.131,0.129,159.801,4,2018,"Pop,Hip Hop,Rap",0.6830721514854716
Happier,"Marshmello, Bastille",0.687,0.792,Key_5,major,0.0452,0.191,0.0,0.167,0.671,100.011,4,2018,"Rock,Pop,Hip Hop",0.959516813581456
Moonlight,XXXTENTACION,0.921,0.537,Key_9,minor,0.0804,0.556,0.00404,0.102,0.711,128.009,4,2018,"Hip Hop,Rap",0.716780933725106
Djala Que Vuelva feat Manuel Turizo,"Piso 21, Manuel Turizo",0.681,0.788,Key_1,major,0.0785,0.0482,0.0,0.0753,0.839,170.019,4,2018,"Pop,Latino,Rap",0.8310479921645444
I Like Me Better,Lauv,0.753,0.505,Key_9,major,0.255,0.534,2.58e-06,0.104,0.419,91.972,4,2018,Pop,0.5618674502122101
LOVE FEAT ZACARI,"Kendrick Lamar, Zacari",0.8,0.585,Key_10,major,0.0924,0.264,0.0,0.153,0.779,126.058,4,2017,"Hip Hop,Rap",0.5845576232451843
Yes Indeed,"Lil Baby, Drake",0.963,0.346,Key_5,minor,0.53,0.0355,0.0,0.108,0.562,119.957,4,2018,"Pop,Hip Hop,Rap",0.4240940254652301
2002,Anne-Marie,0.697,0.683,Key_1,minor,0.117,0.0372,0.0,0.137,0.603,96.133,4,2018,Pop,0.948743062357166
Let You Down,NF,0.662,0.714,Key_5,minor,0.121,0.312,0.0,0.179,0.464,147.997,4,2017,"Pop,Hip Hop,Rap",0.7202905648057459
Silence,"Marshmello, Khalid",0.52,0.761,Key_4,major,0.0853,0.256,4.96e-06,0.17,0.286,141.971,4,2017,"Jazz,Pop,Hip Hop",0.9314397649363368
The Middle,"Zedd, Maren Morris, Grey",0.753,0.657,Key_7,major,0.0449,0.171,0.0,0.112,0.437,107.01,4,2018,"Pop,Hip Hop,Country",0.9340515834149524
SAD,XXXTENTACION,0.74,0.613,Key_8,major,0.145,0.258,0.00372,0.123,0.473,75.023,4,2018,"Hip Hop,Rap",0.7855860267711393
IDGAF,Dua Lipa,0.836,0.544,Key_7,major,0.0943,0.0403,0.0,0.0824,0.51,97.028,4,2017,Pop,0.6962128632060072
Nice For What,Drake,0.585,0.909,Key_8,major,0.0707,0.0891,9.7e-05,0.119,0.758,93.372,4,2018,"Pop,Hip Hop,Rap",0.6554848188050929
Him  I with Halsey,"G-Eazy, Halsey",0.589,0.731,Key_2,major,0.0868,0.0534,0.0,0.308,0.191,87.908,4,2017,"Rock,Pop,Hip Hop,Rap",0.6661769507019261
In My Mind,"Dynoro, Gigi D'Agostino",0.694,0.77,Key_6,major,0.149,0.176,1.1e-05,0.118,0.163,125.905,4,2018,Hip Hop,0.7484492327783219
Be Alright,Dean Lewis,0.553,0.586,Key_11,major,0.0362,0.697,0.0,0.0813,0.443,126.684,4,2018,Pop,0.6681358145608879
Mo Bamba,Sheck Wes,0.729,0.625,Key_4,major,0.0315,0.194,0.00986,0.248,0.261,146.034,4,2018,"Pop,Rap",0.754080966372837
Self Care,Mac Miller,0.52,0.538,Key_1,major,0.206,0.367,0.00187,0.119,0.177,141.894,4,2018,"Pop,Hip Hop,Rap",0.5220372184133202
Body,"Loud Luxury, Brando",0.752,0.764,Key_1,major,0.038,0.0476,9.44e-05,0.0543,0.582,121.958,4,2017,"Pop,Hip Hop",0.8248449232778321
FRIENDS,"Marshmello, Anne-Marie",0.626,0.88,Key_9,minor,0.0504,0.205,0.0,0.128,0.534,95.079,4,2018,"Pop,Hip Hop",0.9893078681031668
Nonstop,Drake,0.912,0.412,Key_7,major,0.123,0.0165,0.0126,0.104,0.423,154.983,4,2018,"Pop,Hip Hop,Rap",0.5248938948743062
Wolves,"Selena Gomez, Marshmello",0.724,0.804,Key_11,minor,0.0448,0.124,0.0,0.204,0.306,124.987,4,2017,"Pop,Hip Hop",0.8072967678746326
Nevermind,Dennis Lloyd,0.6,0.688,Key_5,minor,0.201,0.159,1.29e-05,0.409,0.0793,99.977,4,2017,Pop,0.5032647730982696
changes,XXXTENTACION,0.669,0.308,Key_11,major,0.029,0.883,0.0,0.0984,0.52,64.934,4,2018,"Hip Hop,Rap",0.3621449559255632
Psycho feat Ty Dolla ign,"Post Malone, Ty Dolla $ign",0.75,0.56,Key_8,major,0.105,0.546,0.0,0.111,0.459,140.06,4,2018,"Jazz,Pop,Hip Hop,Rap",0.5232615083251714
I Like It,"Cardi B, Bad Bunny, J Balvin",0.816,0.726,Key_5,minor,0.129,0.099,0.0,0.372,0.65,136.048,4,2018,"Pop,Latino,Rap",0.8575742735879854
God is a woman,Ariana Grande,0.602,0.658,Key_1,major,0.0558,0.0233,6e-05,0.237,0.268,145.031,4,2018,Pop,0.6995592556317335
Shotgun,George Ezra,0.673,0.735,Key_5,major,0.0457,0.286,0.0,0.242,0.754,115.744,4,2018,Pop,0.7975840679072803
Vaina Loca,"Ozuna, Manuel Turizo",0.754,0.805,Key_6,major,0.0752,0.315,0.0,0.203,0.555,93.982,4,2018,"Pop,Latino,Rap",0.8370878223963434
Stir Fry,Migos,0.817,0.816,Key_2,major,0.269,0.00263,0.0,0.159,0.508,181.982,4,2018,"Pop,Hip Hop,Rap",0.7429807378387201
Let Me Go with Alesso Florida Georgia Line  watt,"Hailee Steinfeld, Alesso, Florida Georgia Line, WATT",0.664,0.708,Key_8,major,0.0474,0.0337,0.0,0.0841,0.742,103.07,4,2017,"Rock,Pop,Hip Hop,Country",0.8448416585047338
Finesse - Remix feat Cardi B,"Bruno Mars, Cardi B",0.704,0.859,Key_5,minor,0.0996,0.0185,0.0,0.0215,0.926,105.115,4,2017,"Pop,Rap",0.7858308847535096
How Long,Charlie Puth,0.845,0.561,Key_1,minor,0.0778,0.211,3.49e-06,0.0383,0.811,109.974,4,2018,Pop,0.7551420176297746
no tears left to cry,Ariana Grande,0.699,0.713,Key_9,minor,0.0594,0.04,3.11e-06,0.294,0.354,121.993,4,2018,Pop,0.7344107084557623
In My Feelings,Drake,0.835,0.626,Key_1,major,0.125,0.0589,6e-05,0.396,0.35,91.03,4,2018,"Pop,Hip Hop,Rap",0.7078028077048644
Te Bot - Remix,"Nio Garcia, Casper Magico, Bad Bunny, Darell, Ozuna, Nicky Jam",0.903,0.675,Key_11,minor,0.214,0.542,1.28e-05,0.0595,0.442,96.507,4,2018,"Latino,Pop,Hip Hop,Rap",0.9027097616715636
Walk It Talk It,"Migos, Drake",0.907,0.633,Key_2,major,0.184,0.0876,2.6e-06,0.106,0.395,145.914,4,2018,"Pop,Hip Hop,Rap",0.7639569049951027
Mine,Bazzi,0.71,0.789,Key_4,major,0.0722,0.0161,2.77e-06,0.451,0.717,142.929,4,2018,Pop,0.8676950701926215
Rewrite The Stars,"Zac Efron, Zendaya",0.684,0.619,Key_10,major,0.0386,0.0716,0.0,0.122,0.284,125.046,4,2017,Pop,0.6121449559255631
Love Lies with Normani,"Khalid, Normani",0.708,0.648,Key_6,major,0.0449,0.0956,0.0,0.134,0.338,143.955,4,2018,"Jazz,Pop",0.7246980084884099
Bad At Love,Halsey,0.675,0.751,Key_0,major,0.0296,0.0604,0.0,0.0893,0.612,118.384,4,2017,"Rock,Pop",0.89503754489063
Trip,Ella Mai,0.477,0.61,Key_11,minor,0.144,0.225,0.0,0.107,0.358,79.882,4,2018,"Jazz,Rap",0.7245347698334965
Taki Taki with Selena Gomez Ozuna  Cardi B,"DJ Snake, Selena Gomez, Ozuna, Cardi B",0.842,0.801,Key_8,minor,0.228,0.157,4.82e-06,0.0642,0.617,95.881,4,2018,"Latino,Pop,Hip Hop,Rap",0.8437806072477962
Eastside with Halsey  Khalid,"benny blanco, Halsey, Khalid",0.56,0.68,Key_6,minor,0.321,0.555,0.0,0.116,0.319,89.391,4,2018,"Rock,Jazz,Pop",0.5596637283708782
In My Blood,Shawn Mendes,0.622,0.712,Key_5,major,0.066,0.0573,0.0,0.13,0.487,140.025,4,2018,Pop,0.5863532484492328
X,"Nicky Jam, J Balvin",0.594,0.749,Key_9,minor,0.056,0.0338,0.00106,0.3,0.694,179.968,4,2019,"Latino,Hip Hop,Rap",0.7514691478942213
River feat Ed Sheeran,"Eminem, Ed Sheeran",0.748,0.749,Key_8,minor,0.516,0.142,0.0,0.0713,0.659,90.09,4,2017,"Pop,Hip Hop,Rap",0.7010284035259549
Its Not Living If Its Not With You,The 1975,0.618,0.837,Key_1,major,0.0304,0.000254,0.000378,0.0618,0.526,121.227,4,2018,"Rock,Pop",0.7482043747959516
Saturday Sun,Vance Joy,0.637,0.864,Key_8,major,0.0468,0.484,0.0,0.222,0.706,99.995,4,2018,"Rock,Pop",0.8263140711720534
Meant to Be feat Florida Georgia Line,"Bebe Rexha, Florida Georgia Line",0.643,0.783,Key_10,major,0.0856,0.047,0.0,0.083,0.579,154.084,4,2017,"Rock,Pop,Country",0.6567907280444008
Never Be the Same,Camila Cabello,0.637,0.713,Key_0,major,0.0747,0.181,0.000637,0.137,0.243,129.923,4,2018,Pop,0.830231798889977
These Days feat Jess Glynne Macklemore  Dan Caplen,"Rudimental, Jess Glynne, Macklemore, Dan Caplen",0.653,0.809,Key_0,major,0.0474,0.194,0.0,0.165,0.55,92.213,4,2018,"Jazz,Pop,Hip Hop,Rap",0.8527587332680377
Me Niego feat Ozuna  Wisin,"Reik, Ozuna, Wisin",0.777,0.782,Key_0,minor,0.0907,0.0505,0.0,0.64,0.773,94.023,4,2019,"Pop,Latino,Rap",0.8219066274893894
Leave a Light On,Tom Walker,0.586,0.624,Key_5,major,0.113,0.0153,1.78e-06,0.133,0.267,68.976,4,2017,"Rock,Pop",0.6985798237022527
Tequila,Dan + Shay,0.489,0.581,Key_11,major,0.0281,0.0312,0.0,0.132,0.494,86.016,4,2018,Country,0.716127979105452
Look Alive feat Drake,"BlocBoy JB, Drake",0.918,0.58,Key_10,major,0.322,0.00108,6.12e-05,0.106,0.611,139.977,4,2018,"Pop,Hip Hop,Rap",0.5716617695070192
Bodak Yellow,Cardi B,0.926,0.703,Key_11,minor,0.103,0.0659,0.0,0.231,0.485,125.022,4,2018,"Pop,Rap",0.6666666666666666
Home with Machine Gun Kelly X Ambassadors  Bebe Rexha,"Machine Gun Kelly, X Ambassadors, Bebe Rexha",0.653,0.718,Key_3,minor,0.213,0.00413,0.0,0.0537,0.216,82.034,4,2017,"Rock,Pop,Hip Hop,Rap",0.7568560235063662
Lets Fall in Love for the Night,FINNEAS,0.737,0.408,Key_5,major,0.104,0.802,0.0,0.171,0.374,127.918,4,2019,"Rock,Pop,Hip Hop",0.5357492654260528
This Feeling,"The Chainsmokers, Kelsea Ballerini",0.575,0.571,Key_1,major,0.0439,0.0558,0.0,0.0912,0.449,105.049,4,2018,"Pop,Country",0.5386059418870388
Rise,"Jonas Blue, Jack & Jack",0.687,0.785,Key_1,major,0.0333,0.327,0.0,0.203,0.655,106.046,4,2018,Pop,0.8043584720861898
The Greatest Show,"Hugh Jackman, Keala Settle, Zac Efron, Zendaya, The Greatest Showman Ensemble",0.417,0.824,Key_11,minor,0.105,0.000239,0.0545,0.0725,0.4,157.92,4,2017,Pop,0.5831700946784197
Kings Dead with Kendrick Lamar Future  James Blake,"Jay Rock, Kendrick Lamar, Future, James Blake",0.645,0.705,Key_1,major,0.299,0.000813,0.0,0.128,0.376,137.133,4,2018,"Jazz,Pop,Rap,Rock,Hip Hop",0.7751387528566763
Plug Walk,Rich The Kid,0.876,0.519,Key_11,major,0.143,0.202,0.0,0.108,0.158,94.981,4,2018,"Hip Hop,Rap",0.6508325171400587
Taste feat Offset,"Tyga, Offset",0.884,0.559,Key_0,major,0.12,0.0236,0.0,0.101,0.342,97.994,4,2018,"Pop,Hip Hop,Rap",0.5764773098269669
Spotlight,"Marshmello, Lil Peep",0.546,0.822,Key_7,major,0.151,0.0145,0.0,0.742,0.615,150.06,4,2018,"Pop,Hip Hop,Rap",0.8179888997714657
MotorSport,"Migos, Nicki Minaj, Cardi B",0.904,0.518,Key_2,major,0.183,0.0305,0.0,0.325,0.188,137.996,4,2018,"Pop,Hip Hop,Rap",0.749673522690173
Done for Me feat Kehlani,"Charlie Puth, Kehlani",0.856,0.632,Key_6,minor,0.074,0.193,0.0,0.0688,0.697,112.009,4,2018,"Jazz,Pop,Rap",0.8825497877897485
Corazn feat Nego do Borel,"Maluma, Nego do Borel",0.722,0.738,Key_9,minor,0.247,0.328,1.47e-05,0.198,0.748,198.075,4,2018,"Pop,Latino,Rap",0.6882141691152464
Simple,Florida Georgia Line,0.362,0.882,Key_3,major,0.0973,0.0791,0.0,0.15,0.864,199.811,4,2019,"Rock,Pop,Country",0.8805093046033299
Say Something feat Chris Stapleton,"Justin Timberlake, Chris Stapleton",0.707,0.632,Key_10,major,0.0789,0.103,1.09e-05,0.0841,0.372,97.04,4,2018,"Pop,Country",0.6100228534116878
Jackie Chan,"Tiësto, Dzeko, Preme, Post Malone",0.747,0.834,Key_3,minor,0.045,0.374,0.0,0.0586,0.687,128.005,4,2018,"Pop,Hip Hop,Rap",0.9498857329415604
1950,King Princess,0.6,0.535,Key_4,major,0.107,0.648,4.7e-06,0.162,0.269,71.912,4,2018,"Rock,Pop,Hip Hop",0.6090434214822069
Solo feat Demi Lovato,"Clean Bandit, Demi Lovato",0.737,0.636,Key_11,minor,0.0437,0.0441,6.66e-05,0.35,0.565,105.005,4,2018,Pop,0.812846882141691
Back To You,Selena Gomez,0.6,0.683,Key_6,major,0.0493,0.0984,1.26e-06,0.11,0.494,102.036,4,2018,Pop,0.6720535422788115
Pray For Me with Kendrick Lamar,"The Weeknd, Kendrick Lamar",0.735,0.677,Key_2,major,0.093,0.0762,2.17e-05,0.111,0.188,100.584,4,2018,"Jazz,Pop,Hip Hop,Rap",0.7775057133529218
Dura,Daddy Yankee,0.783,0.84,Key_1,major,0.051,0.174,0.0,0.412,0.839,95.001,4,2018,"Latino,Hip Hop,Rap",0.9050767221678092
This Is America,Childish Gambino,0.854,0.463,Key_5,major,0.137,0.117,0.0,0.354,0.549,120.024,4,2018,"Hip Hop,Rap",0.6811949069539666
Be Careful,Cardi B,0.82,0.568,Key_6,minor,0.411,0.0256,0.0,0.0952,0.535,152.279,4,2018,"Pop,Rap",0.5121612797910544
1 2 3 feat Jason Derulo  De La Ghetto,"Sofía Reyes, Jason Derulo, De La Ghetto",0.792,0.895,Key_1,minor,0.0589,0.165,0.0,0.0501,0.794,94.968,4,2018,"Pop,Latino,Rap",0.9298889977146588
Bood Up,Ella Mai,0.561,0.779,Key_10,minor,0.0531,0.0862,0.0,0.078,0.235,81.965,4,2017,"Jazz,Rap",0.767058439438459
You Make It Easy,Jason Aldean,0.542,0.571,Key_7,major,0.028,0.156,0.0,0.101,0.506,131.877,3,2018,"Rock,Country",0.7513875285667644
I Miss You feat Julia Michaels,"Clean Bandit, Julia Michaels",0.693,0.624,Key_0,minor,0.0448,0.299,7.64e-06,0.0955,0.369,105.002,4,2018,Pop,0.5732125367286972
Im Upset,Drake,0.899,0.586,Key_11,minor,0.343,0.279,0.0,0.0836,0.492,150.002,4,2018,"Pop,Hip Hop,Rap",0.5418707149853085
FEFE feat Nicki Minaj  Murda Beatz,"6ix9ine, Nicki Minaj, Murda Beatz",0.93,0.383,Key_1,major,0.409,0.0896,0.0,0.119,0.385,125.967,4,2018,"Pop,Hip Hop,Rap",0.4215638263140711
Youngblood,5 Seconds of Summer,0.596,0.854,Key_7,minor,0.463,0.0169,0.0,0.124,0.152,120.274,4,2018,Pop,0.7664871041462618
Freaky Friday feat Chris Brown,"Lil Dicky, Chris Brown",0.755,0.599,Key_8,major,0.224,0.147,0.0,0.109,0.755,133.123,4,2018,"Rock,Jazz,Pop,Rap",0.7723636957231471
Shape of You,Ed Sheeran,0.825,0.652,Key_1,minor,0.0802,0.581,0.0,0.0931,0.931,95.977,4,2017,Pop,0.92409402546523
Believer,Imagine Dragons,0.776,0.78,Key_10,minor,0.128,0.0622,0.0,0.081,0.666,124.949,4,2017,"Rock,Pop",0.8268854064642506
Despacito,"Luis Fonsi, Daddy Yankee",0.655,0.797,Key_2,major,0.153,0.198,0.0,0.067,0.839,177.928,4,2019,"Latino,Pop,Hip Hop,Rap",0.7931766242246163
Bad Things with Camila Cabello,"Machine Gun Kelly, Camila Cabello",0.697,0.691,Key_2,major,0.146,0.214,0.0,0.185,0.305,137.853,4,2017,"Pop,Hip Hop,Rap",0.7956252040483185
Rockabye feat Sean Paul  Anne-Marie,"Clean Bandit, Sean Paul, Anne-Marie",0.72,0.763,Key_9,minor,0.0523,0.406,0.0,0.18,0.742,101.965,4,2016,"Pop,Rap",0.8518609206660136
Havana feat Young Thug,"Camila Cabello, Young Thug",0.765,0.523,Key_2,major,0.03,0.184,3.56e-05,0.132,0.394,104.988,4,2018,"Pop,Hip Hop,Rap",0.830231798889977
Thunder,Imagine Dragons,0.605,0.822,Key_0,major,0.0438,0.00671,0.134,0.147,0.288,167.997,4,2017,"Rock,Pop",0.7894221351616062
Dont Wanna Know feat Kendrick Lamar,"Maroon 5, Kendrick Lamar",0.783,0.61,Key_7,major,0.0696,0.343,0.0,0.0983,0.418,100.047,4,2018,"Pop,Hip Hop,Rap",0.6840515834149525
Something Just Like This,"The Chainsmokers, Coldplay",0.617,0.635,Key_11,minor,0.0317,0.0498,1.44e-05,0.164,0.446,103.019,4,2017,Pop,0.6314071172053541
Perfect,Ed Sheeran,0.599,0.448,Key_8,major,0.0232,0.163,0.0,0.106,0.168,95.05,3,2017,Pop,0.6687071498530851
Thats What I Like,Bruno Mars,0.853,0.56,Key_1,major,0.0406,0.013,0.0,0.0944,0.86,134.066,4,2016,Pop,0.7789748612471432
Theres Nothing Holdin Me Back,Shawn Mendes,0.866,0.813,Key_11,minor,0.0554,0.38,0.0,0.0779,0.969,121.998,4,2017,Pop,0.8522690173032973
Say You Wont Let Go,James Arthur,0.358,0.557,Key_10,major,0.059,0.695,0.0,0.0902,0.494,85.043,4,2016,Pop,0.5800685602350636
Attention,Charlie Puth,0.775,0.613,Key_3,minor,0.0542,0.109,2.33e-05,0.134,0.797,100.066,4,2018,Pop,0.8095821090434213
Look What You Made Me Do,Taylor Swift,0.766,0.709,Key_9,minor,0.123,0.204,1.41e-05,0.126,0.506,128.07,4,2017,Pop,0.6557296767874632
Too Good At Goodbyes,Sam Smith,0.681,0.372,Key_5,major,0.0432,0.64,0.0,0.169,0.476,91.873,4,2017,Pop,0.5115899444988572
goosebumps,Travis Scott,0.841,0.728,Key_7,major,0.0484,0.0847,0.0,0.149,0.43,130.049,4,2016,"Hip Hop,Rap",0.9088312112308192
Love On The Brain,Rihanna,0.509,0.637,Key_4,minor,0.0471,0.0717,1.08e-05,0.0789,0.378,172.006,3,2016,Pop,0.7896669931439764
Unforgettable,"French Montana, Swae Lee",0.726,0.769,Key_6,major,0.123,0.0293,0.0101,0.104,0.733,97.985,4,2017,"Pop,Hip Hop,Rap",0.7722820763956904
Passionfruit,Drake,0.809,0.463,Key_11,major,0.0396,0.256,0.085,0.109,0.364,111.98,4,2017,"Pop,Hip Hop,Rap",0.2553052562846881
HUMBLE,Kendrick Lamar,0.908,0.621,Key_1,minor,0.102,0.000282,5.39e-05,0.0958,0.421,150.011,4,2017,"Hip Hop,Rap",0.6420992491021873
Ready For It,Taylor Swift,0.613,0.764,Key_2,major,0.136,0.0527,0.0,0.197,0.417,160.015,4,2017,Pop,0.6526281423441069
Redbone,Childish Gambino,0.745,0.353,Key_1,major,0.0983,0.174,0.00662,0.118,0.598,160.111,4,2016,"Hip Hop,Rap",0.317580803134182
Sign of the Times,Harry Styles,0.516,0.595,Key_5,major,0.0313,0.0275,0.0,0.109,0.222,119.972,4,2017,Pop,0.8059908586353247
Jocelyn Flores,XXXTENTACION,0.872,0.391,Key_0,minor,0.242,0.469,4.13e-06,0.297,0.437,134.021,4,2017,"Hip Hop,Rap",0.4375612144955925
Congratulations,"Post Malone, Quavo",0.63,0.804,Key_6,major,0.0363,0.215,0.0,0.253,0.492,123.146,4,2016,"Pop,Hip Hop,Rap",0.8424746980084883
I Dont Wanna Live Forever Fifty Shades Darker,"ZAYN, Taylor Swift",0.731,0.445,Key_0,major,0.0533,0.0586,1.96e-05,0.14,0.106,117.97,4,2017,Pop,0.4968168462291871
Whatever It Takes,Imagine Dragons,0.672,0.655,Key_10,minor,0.0311,0.0362,0.0,0.117,0.556,134.945,4,2017,"Rock,Pop",0.7740777015997387
Bored,Billie Eilish,0.614,0.318,Key_7,major,0.0478,0.896,0.00239,0.0795,0.112,119.959,4,2017,Pop,0.1477309826967026
XO Tour Llif3,Lil Uzi Vert,0.732,0.75,Key_11,minor,0.231,0.00264,0.0,0.109,0.401,155.096,4,2017,"Hip Hop,Rap",0.6642997061704211
No Lie,"Sean Paul, Dua Lipa",0.742,0.882,Key_7,major,0.117,0.0466,0.0,0.206,0.463,102.04,4,2018,"Pop,Rap",0.950293829578844
Mask Off,Future,0.833,0.434,Key_2,major,0.431,0.0102,0.0219,0.165,0.281,150.062,4,2017,"Hip Hop,Rap",0.4660463597779953
Mercy,Shawn Mendes,0.555,0.662,Key_11,minor,0.0827,0.125,0.0,0.111,0.356,148.128,4,2017,Pop,0.779709435194254
BUTTERFLY EFFECT,Travis Scott,0.763,0.628,Key_11,major,0.05,0.0531,0.0,0.114,0.193,140.958,4,2018,"Hip Hop,Rap",0.7064152791380998
New Rules,Dua Lipa,0.762,0.7,Key_9,minor,0.0694,0.00261,1.56e-05,0.153,0.608,116.073,4,2017,Pop,0.6924583741429969
Feel It Still,Portugal. The Man,0.801,0.795,Key_1,minor,0.0504,0.0417,0.000113,0.0717,0.754,79.028,4,2017,Rock,0.7664054848188049
Magnolia,Playboi Carti,0.791,0.582,Key_11,minor,0.286,0.0114,0.0,0.35,0.443,162.991,4,2017,"Hip Hop,Rap",0.5861900097943191
Hold On,Chord Overstreet,0.618,0.443,Key_2,major,0.0526,0.469,0.0,0.0829,0.167,119.949,4,2017,Pop,0.3937316356513222
24K Magic,Bruno Mars,0.818,0.803,Key_1,major,0.0797,0.034,0.0,0.153,0.632,106.97,4,2016,Pop,0.8343943845902708
More Than You Know,Axwell /\ Ingrosso,0.646,0.741,Key_5,minor,0.034,0.0275,0.0,0.312,0.571,123.077,4,2017,"Pop,Hip Hop",0.7779954293176623
Little Dark Age,MGMT,0.705,0.712,Key_6,major,0.0385,0.0102,0.000855,0.1,0.62,97.512,4,2018,Rock,0.6814397649363368
I Feel It Coming,"The Weeknd, Daft Punk",0.773,0.819,Key_0,minor,0.118,0.428,0.0,0.0679,0.585,92.987,4,2016,"Rock,Jazz,Pop",0.6985798237022527
Young Dumb  Broke,Khalid,0.799,0.539,Key_1,major,0.0421,0.199,1.66e-05,0.165,0.394,136.948,4,2017,"Jazz,Pop",0.6655239960822722
I Fall Apart,Post Malone,0.556,0.538,Key_8,minor,0.0382,0.0689,0.0,0.196,0.291,143.95,4,2016,"Pop,Rap",0.7424910218739796
Human,Rag'n'Bone Man,0.602,0.707,Key_9,major,0.302,0.393,0.0,0.165,0.554,75.087,4,2017,Jazz,0.849493960169768
Castle on the Hill,Ed Sheeran,0.461,0.834,Key_2,major,0.0989,0.0232,1.14e-05,0.14,0.471,135.007,4,2017,Pop,0.7865654587006201
DNA,Kendrick Lamar,0.638,0.523,Key_1,major,0.357,0.00454,0.0,0.0842,0.422,139.913,4,2017,"Hip Hop,Rap",0.6399771465883121
Without You feat Sandro Cavazza,"Avicii, Sandro Cavazza",0.662,0.858,Key_2,major,0.0428,0.00163,0.0,0.0456,0.295,133.993,4,2017,"Pop,Hip Hop",0.7885243225595819
Drowning feat Kodak Black,"A Boogie Wit da Hoodie, Kodak Black",0.839,0.81,Key_5,minor,0.0568,0.501,0.0,0.117,0.814,129.014,4,2017,"Latino,Hip Hop,Rap",0.7534280117531831
Galway Girl,Ed Sheeran,0.624,0.876,Key_9,major,0.1,0.0735,0.0,0.327,0.781,99.943,4,2017,Pop,0.9085047339209924
Glorious feat Skylar Grey,"Macklemore, Skylar Grey",0.731,0.794,Key_0,minor,0.0522,0.0323,2.59e-05,0.112,0.356,139.994,4,2017,"Rock,Pop,Hip Hop,Rap",0.7655076722167808
Love Galore feat Travis Scott,"SZA, Travis Scott",0.795,0.594,Key_0,major,0.0748,0.112,0.0,0.162,0.409,135.002,4,2017,"Jazz,Pop,Hip Hop,Rap",0.6778485145282401
Symphony feat Zara Larsson,"Clean Bandit, Zara Larsson",0.715,0.605,Key_0,minor,0.0428,0.239,1.41e-05,0.189,0.454,122.956,4,2018,Pop,0.7653444335618673
Scared to Be Lonely,"Martin Garrix, Dua Lipa",0.584,0.54,Key_1,minor,0.0576,0.0895,0.0,0.261,0.195,137.972,4,2017,"Pop,Hip Hop",0.5484002611818478
Bank Account,21 Savage,0.884,0.347,Key_8,minor,0.35,0.015,7e-06,0.0871,0.376,75.016,4,2017,"Hip Hop,Rap",0.5124061377734246
Save That Shit,Lil Peep,0.534,0.583,Key_2,major,0.0288,0.0262,0.0,0.421,0.145,106.0,4,2017,"Hip Hop,Rap",0.4760855370551745
Slow Hands,Niall Horan,0.735,0.425,Key_0,major,0.0464,0.011,0.0,0.055,0.848,85.896,4,2017,Pop,0.6412830558276199
Issues,Julia Michaels,0.728,0.415,Key_8,major,0.0639,0.401,0.0,0.0616,0.455,114.145,4,2017,Pop,0.6246327130264445
Location,Khalid,0.736,0.449,Key_1,minor,0.425,0.33,0.000162,0.0898,0.326,80.126,4,2017,"Jazz,Pop",0.2483676134508651
Stay,"Zedd, Alessia Cara",0.69,0.622,Key_5,minor,0.0622,0.253,0.0,0.116,0.544,102.04,4,2017,"Jazz,Pop,Hip Hop",0.7737512242899117
What About Us,P!nk,0.491,0.588,Key_1,major,0.0506,0.0281,2.01e-06,0.0906,0.193,113.608,4,2017,Pop,0.6797257590597453
1-800-273-8255,"Logic, Alessia Cara, Khalid",0.62,0.574,Key_5,minor,0.0479,0.569,0.0,0.19,0.357,100.023,4,2017,"Jazz,Pop,Hip Hop,Rap",0.5482370225269343
Feels feat Pharrell Williams Katy Perry  Big Sean,"Calvin Harris, Pharrell Williams, Katy Perry, Big Sean, Funk Wav",0.893,0.745,Key_11,minor,0.0571,0.0642,0.0,0.0943,0.872,101.018,4,2017,"Jazz,Pop,Hip Hop,Rap",0.930460333006856
Black Beatles,"Rae Sremmurd, Gucci Mane",0.794,0.632,Key_0,major,0.0649,0.142,0.0,0.128,0.355,145.926,4,2016,"Pop,Hip Hop,Rap",0.6808684296441396
Chill Bill feat J Davi  Spooks,"Rob $tone, J. Davi$, J Spooks",0.886,0.427,Key_6,major,0.145,0.0312,0.00099,0.0906,0.23,108.034,4,2016,Rap,0.3654097290238327
Paris,The Chainsmokers,0.653,0.658,Key_2,major,0.0304,0.0215,1.66e-06,0.0939,0.219,99.99,4,2017,Pop,0.659239307868103
Dusk Till Dawn feat Sia - Radio Edit,"ZAYN, Sia",0.259,0.437,Key_11,minor,0.0386,0.102,1.32e-06,0.106,0.0951,180.042,4,2017,Pop,0.6460985961475676
Sorry Not Sorry,Demi Lovato,0.706,0.643,Key_11,minor,0.234,0.0242,0.0,0.262,0.885,143.931,4,2017,Pop,0.6183480248122755
Losin Control,Russ,0.759,0.245,Key_6,major,0.138,0.515,0.000154,0.102,0.209,96.992,4,2017,"Pop,Hip Hop,Rap",0.6496898465556643
Fetish feat Gucci Mane,"Selena Gomez, Gucci Mane",0.708,0.618,Key_2,major,0.0592,0.0204,6.81e-06,0.062,0.265,123.013,4,2017,"Pop,Hip Hop,Rap",0.8228044400914135
Swang,Rae Sremmurd,0.681,0.314,Key_8,major,0.0581,0.2,9.82e-06,0.1,0.166,139.992,4,2016,"Pop,Hip Hop,Rap",0.4232778321906626
Malibu,Miley Cyrus,0.573,0.781,Key_8,major,0.0555,0.0767,2.64e-05,0.0813,0.343,139.934,4,2017,Pop,0.6610349330721514
Criminal,"NATTI NATASHA, Ozuna",0.814,0.813,Key_2,minor,0.0561,0.03,9.33e-05,0.255,0.839,79.997,4,2017,"Pop,Latino,Rap",0.9371531178583088
Bad and Boujee feat Lil Uzi Vert,"Migos, Lil Uzi Vert",0.926,0.666,Key_11,major,0.244,0.0611,0.0,0.123,0.168,127.079,4,2017,"Pop,Hip Hop,Rap",0.7501632386549133
Plain Jane,A$AP Ferg,0.797,0.844,Key_11,major,0.275,0.0651,0.0,0.087,0.52,170.142,4,2017,"Pop,Hip Hop,Rap",0.7364511916421808
Swalla feat Nicki Minaj  Ty Dolla ign,"Jason Derulo, Nicki Minaj, Ty Dolla $ign",0.696,0.817,Key_1,major,0.109,0.075,0.0,0.187,0.782,98.064,4,2017,"Jazz,Pop,Hip Hop,Rap",0.8686745021221024
Mi Gente,"J Balvin, Willy William",0.548,0.704,Key_11,minor,0.0777,0.0168,2.25e-05,0.143,0.288,104.666,4,2018,"Pop,Latino,Rap",0.7890140385243225
Green Light,Lorde,0.594,0.721,Key_2,major,0.0957,0.0209,8.55e-06,0.0879,0.253,128.942,4,2017,Pop,0.5462781586679725
Fake Love,Drake,0.928,0.481,Key_9,minor,0.287,0.105,0.0,0.176,0.613,134.007,4,2017,"Pop,Hip Hop,Rap",0.4207476330395037
Scars To Your Beautiful,Alessia Cara,0.319,0.739,Key_0,major,0.272,0.0285,0.0,0.111,0.449,194.169,4,2016,"Jazz,Pop",0.7153934051583414
Sky Walker feat Travis Scott,"Miguel, Travis Scott",0.674,0.506,Key_6,major,0.0434,0.173,0.0,0.0866,0.183,145.965,4,2017,"Jazz,Hip Hop,Rap",0.3242735879856349
Lust For Life with The Weeknd,"Lana Del Rey, The Weeknd",0.504,0.655,Key_0,minor,0.0542,0.604,0.00193,0.364,0.262,99.982,4,2017,"Jazz,Pop",0.4783708782239633
Liability,Lorde,0.587,0.229,Key_10,minor,0.128,0.92,0.0,0.1,0.379,75.67,4,2017,Pop,0.2653444335618674
Lonely Together feat Rita Ora,"Avicii, Rita Ora",0.655,0.666,Key_5,major,0.0612,0.134,2.12e-05,0.0683,0.272,102.977,4,2017,"Pop,Hip Hop",0.750571335292197
Caroline,Aminé,0.94,0.335,Key_5,minor,0.505,0.17,0.0,0.262,0.707,120.04,4,2017,"Pop,Hip Hop,Rap",0.3530852105778648
Tunnel Vision,Kodak Black,0.497,0.489,Key_11,minor,0.294,0.0576,9.91e-05,0.122,0.231,171.853,4,2017,"Latino,Hip Hop,Rap",0.5534606594841658
do re mi,blackbear,0.745,0.593,Key_8,major,0.0524,0.00522,5.06e-06,0.123,0.17,111.001,3,2017,Pop,0.665605615409729
ELEMENT,Kendrick Lamar,0.748,0.705,Key_4,minor,0.485,0.204,0.0,0.246,0.483,189.891,4,2017,"Hip Hop,Rap",0.8127652628142343
iSpy feat Lil Yachty,"KYLE, Lil Yachty",0.746,0.653,Key_7,major,0.289,0.378,0.0,0.229,0.672,75.016,4,2016,"Rock,Pop,Hip Hop,Rap",0.633365981064316
Sit Next to Me,Foster The People,0.638,0.738,Key_6,minor,0.0292,0.117,0.000384,0.689,0.657,97.021,4,2017,Rock,0.7777505713352921
All Night,"The Vamps, Matoma",0.538,0.804,Key_8,major,0.0358,0.0041,0.0,0.33,0.507,144.992,4,2017,Pop,0.7599575579497224
Slide feat Frank Ocean  Migos,"Calvin Harris, Frank Ocean, Migos",0.736,0.795,Key_1,minor,0.0545,0.498,1.21e-06,0.254,0.511,104.066,4,2017,"Jazz,Pop,Hip Hop,Rap",0.914626183480248
Rolex,Ayo & Teo,0.804,0.886,Key_1,major,0.04,0.0837,0.0,0.266,0.789,144.946,4,2017,Rap,0.9788605941887036
Chained To The Rhythm,"Katy Perry, Skip Marley",0.562,0.8,Key_0,major,0.112,0.0814,0.0,0.199,0.471,95.029,4,2017,Pop,0.7428174991838066
Despacito - Remix,"Luis Fonsi, Daddy Yankee, Justin Bieber",0.649,0.798,Key_2,major,0.178,0.226,0.0,0.0711,0.857,177.899,4,2019,"Latino,Pop,Hip Hop,Rap",0.8291707476330394
